,index,stop_id,trip_id,arrival_time,departure_time,stop_sequence,shape_dist_traveled,data_versao,stop_name,latitude,longitude,posicao
0,0,5135BL0046P1,B0053AAFAAIDU01,00:00:00,00:00:00,1,0.0,2022-03-16,Terminal Sulacap :: Plataforma BRT,-22.884539999999998,-43.39993,POINT (-43.39993 -22.88454)
1,1,5137BL0001U2,B0053AAFAAIDU01,00:00:35,00:00:35,2,285.0,2022-03-16,Marechal Fontenelle,-22.88695,-43.400929999999995,POINT (-43.40093 -22.88695)
2,2,4115BL0001U2,B0053AAFAAIDU01,00:20:05,00:20:05,3,9641.0,2022-03-16,Morro do Outeiro,-22.97144,-43.4014,POINT (-43.4014 -22.97144)
3,3,4128BC0004U2,B0053AAFAAIDU01,00:23:59,00:23:59,4,11516.0,2022-03-16,Rio 2,-22.97327,-43.38322,POINT (-43.38322 -22.97327)
4,4,4128BC0003U2,B0053AAFAAIDU01,00:28:27,00:28:27,5,13662.0,2022-03-16,Via Parque,-22.98396,-43.365759999999995,POINT (-43.36575999999999 -22.98396)
5,5,4128BO0226P2,B0053AAFAAIDU01,00:32:28,00:32:28,6,15586.0,2022-03-16,Terminal Alvorada :: Plataforma B (Desembarque),-23.001296303606267,-43.367123534465726,POINT (-43.36712353446573 -23.00129630360627)
6,6,5135BL0046P1,B0053AAFAAIDU01,00:00:00,00:00:00,1,0.0,2022-03-17,Terminal Sulacap :: Plataforma BRT,-22.884539999999998,-43.39993,POINT (-43.39993 -22.88454)
7,7,5137BL0001U2,B0053AAFAAIDU01,00:00:35,00:00:35,2,285.0,2022-03-17,Marechal Fontenelle,-22.88695,-43.400929999999995,POINT (-43.40093 -22.88695)
8,8,4115BL0001U2,B0053AAFAAIDU01,00:20:05,00:20:05,3,9641.0,2022-03-17,Morro do Outeiro,-22.97144,-43.4014,POINT (-43.4014 -22.97144)
9,9,4128BC0004U2,B0053AAFAAIDU01,00:23:59,00:23:59,4,11516.0,2022-03-17,Rio 2,-22.97327,-43.38322,POINT (-43.38322 -22.97327)
10,10,4128BC0003U2,B0053AAFAAIDU01,00:28:27,00:28:27,5,13662.0,2022-03-17,Via Parque,-22.98396,-43.365759999999995,POINT (-43.36575999999999 -22.98396)
11,11,4128BO0226P2,B0053AAFAAIDU01,00:32:28,00:32:28,6,15586.0,2022-03-17,Terminal Alvorada :: Plataforma B (Desembarque),-23.001296303606267,-43.367123534465726,POINT (-43.36712353446573 -23.00129630360627)
12,12,5135BL0046P1,B0053AAFAAIDU01,00:00:00,00:00:00,1,0.0,2022-03-18,Terminal Sulacap :: Plataforma BRT,-22.884539999999998,-43.39993,POINT (-43.39993 -22.88454)
13,13,5137BL0001U2,B0053AAFAAIDU01,00:00:35,00:00:35,2,285.0,2022-03-18,Marechal Fontenelle,-22.88695,-43.400929999999995,POINT (-43.40093 -22.88695)
14,14,4115BL0001U2,B0053AAFAAIDU01,00:20:05,00:20:05,3,9641.0,2022-03-18,Morro do Outeiro,-22.97144,-43.4014,POINT (-43.4014 -22.97144)
15,15,4128BC0004U2,B0053AAFAAIDU01,00:23:59,00:23:59,4,11516.0,2022-03-18,Rio 2,-22.97327,-43.38322,POINT (-43.38322 -22.97327)
16,16,4128BC0003U2,B0053AAFAAIDU01,00:28:27,00:28:27,5,13662.0,2022-03-18,Via Parque,-22.98396,-43.365759999999995,POINT (-43.36575999999999 -22.98396)
17,17,4128BO0226P2,B0053AAFAAIDU01,00:32:28,00:32:28,6,15586.0,2022-03-18,Terminal Alvorada :: Plataforma B (Desembarque),-23.001296303606267,-43.367123534465726,POINT (-43.36712353446573 -23.00129630360627)
18,18,5135BL0046P1,B0053AAFAAIDU01,00:00:00,00:00:00,1,0.0,2022-03-19,Terminal Sulacap :: Plataforma BRT,-22.884539999999998,-43.39993,POINT (-43.39993 -22.88454)
19,19,5137BL0001U2,B0053AAFAAIDU01,00:00:35,00:00:35,2,285.0,2022-03-19,Marechal Fontenelle,-22.88695,-43.400929999999995,POINT (-43.40093 -22.88695)
20,20,4115BL0001U2,B0053AAFAAIDU01,00:20:05,00:20:05,3,9641.0,2022-03-19,Morro do Outeiro,-22.97144,-43.4014,POINT (-43.4014 -22.97144)
21,21,4128BC0004U2,B0053AAFAAIDU01,00:23:59,00:23:59,4,11516.0,2022-03-19,Rio 2,-22.97327,-43.38322,POINT (-43.38322 -22.97327)
22,22,4128BC0003U2,B0053AAFAAIDU01,00:28:27,00:28:27,5,13662.0,2022-03-19,Via Parque,-22.98396,-43.365759999999995,POINT (-43.36575999999999 -22.98396)
23,23,4128BO0226P2,B0053AAFAAIDU01,00:32:28,00:32:28,6,15586.0,2022-03-19,Terminal Alvorada :: Plataforma B (Desembarque),-23.001296303606267,-43.367123534465726,POINT (-43.36712353446573 -23.00129630360627)
24,24,5135BL0046P1,B0053AAFAAIDU01,00:00:00,00:00:00,1,0.0,2022-03-20,Terminal Sulacap :: Plataforma BRT,-22.884539999999998,-43.39993,POINT (-43.39993 -22.88454)
25,25,5137BL0001U2,B0053AAFAAIDU01,00:00:35,00:00:35,2,285.0,2022-03-20,Marechal Fontenelle,-22.88695,-43.400929999999995,POINT (-43.40093 -22.88695)
26,26,4115BL0001U2,B0053AAFAAIDU01,00:20:05,00:20:05,3,9641.0,2022-03-20,Morro do Outeiro,-22.97144,-43.4014,POINT (-43.4014 -22.97144)
27,27,4128BC0004U2,B0053AAFAAIDU01,00:23:59,00:23:59,4,11516.0,2022-03-20,Rio 2,-22.97327,-43.38322,POINT (-43.38322 -22.97327)
28,28,4128BC0003U2,B0053AAFAAIDU01,00:28:27,00:28:27,5,13662.0,2022-03-20,Via Parque,-22.98396,-43.365759999999995,POINT (-43.36575999999999 -22.98396)
29,29,4128BO0226P2,B0053AAFAAIDU01,00:32:28,00:32:28,6,15586.0,2022-03-20,Terminal Alvorada :: Plataforma B (Desembarque),-23.001296303606267,-43.367123534465726,POINT (-43.36712353446573 -23.00129630360627)
30,30,5135BL0046P1,B0053AAFAAIDU01,00:00:00,00:00:00,1,0.0,2022-03-21,Terminal Sulacap :: Plataforma BRT,-22.884539999999998,-43.39993,POINT (-43.39993 -22.88454)
31,31,5137BL0001U2,B0053AAFAAIDU01,00:00:35,00:00:35,2,285.0,2022-03-21,Marechal Fontenelle,-22.88695,-43.400929999999995,POINT (-43.40093 -22.88695)
32,32,4115BL0001U2,B0053AAFAAIDU01,00:20:05,00:20:05,3,9641.0,2022-03-21,Morro do Outeiro,-22.97144,-43.4014,POINT (-43.4014 -22.97144)
33,33,4128BC0004U2,B0053AAFAAIDU01,00:23:59,00:23:59,4,11516.0,2022-03-21,Rio 2,-22.97327,-43.38322,POINT (-43.38322 -22.97327)
34,34,4128BC0003U2,B0053AAFAAIDU01,00:28:27,00:28:27,5,13662.0,2022-03-21,Via Parque,-22.98396,-43.365759999999995,POINT (-43.36575999999999 -22.98396)
35,35,4128BO0226P2,B0053AAFAAIDU01,00:32:28,00:32:28,6,15586.0,2022-03-21,Terminal Alvorada :: Plataforma B (Desembarque),-23.001296303606267,-43.367123534465726,POINT (-43.36712353446573 -23.00129630360627)
36,36,5135BL0046P1,B0053AAFAAIDU01,00:00:00,00:00:00,1,0.0,2022-03-22,Terminal Sulacap :: Plataforma BRT,-22.884539999999998,-43.39993,POINT (-43.39993 -22.88454)
37,37,5137BL0001U2,B0053AAFAAIDU01,00:00:35,00:00:35,2,285.0,2022-03-22,Marechal Fontenelle,-22.88695,-43.400929999999995,POINT (-43.40093 -22.88695)
38,38,4115BL0001U2,B0053AAFAAIDU01,00:20:05,00:20:05,3,9641.0,2022-03-22,Morro do Outeiro,-22.97144,-43.4014,POINT (-43.4014 -22.97144)
39,39,4128BC0004U2,B0053AAFAAIDU01,00:23:59,00:23:59,4,11516.0,2022-03-22,Rio 2,-22.97327,-43.38322,POINT (-43.38322 -22.97327)
40,40,4128BC0003U2,B0053AAFAAIDU01,00:28:27,00:28:27,5,13662.0,2022-03-22,Via Parque,-22.98396,-43.365759999999995,POINT (-43.36575999999999 -22.98396)
41,41,4128BO0226P2,B0053AAFAAIDU01,00:32:28,00:32:28,6,15586.0,2022-03-22,Terminal Alvorada :: Plataforma B (Desembarque),-23.001296303606267,-43.367123534465726,POINT (-43.36712353446573 -23.00129630360627)
42,42,5135BL0046P1,B0053AAFAAIDU01,00:00:00,00:00:00,1,0.0,2022-03-23,Terminal Sulacap :: Plataforma BRT,-22.884539999999998,-43.39993,POINT (-43.39993 -22.88454)
43,43,5137BL0001U2,B0053AAFAAIDU01,00:00:35,00:00:35,2,285.0,2022-03-23,Marechal Fontenelle,-22.88695,-43.400929999999995,POINT (-43.40093 -22.88695)
44,44,4115BL0001U2,B0053AAFAAIDU01,00:20:05,00:20:05,3,9641.0,2022-03-23,Morro do Outeiro,-22.97144,-43.4014,POINT (-43.4014 -22.97144)
45,45,4128BC0004U2,B0053AAFAAIDU01,00:23:59,00:23:59,4,11516.0,2022-03-23,Rio 2,-22.97327,-43.38322,POINT (-43.38322 -22.97327)
46,46,4128BC0003U2,B0053AAFAAIDU01,00:28:27,00:28:27,5,13662.0,2022-03-23,Via Parque,-22.98396,-43.365759999999995,POINT (-43.36575999999999 -22.98396)
47,47,4128BO0226P2,B0053AAFAAIDU01,00:32:28,00:32:28,6,15586.0,2022-03-23,Terminal Alvorada :: Plataforma B (Desembarque),-23.001296303606267,-43.367123534465726,POINT (-43.36712353446573 -23.00129630360627)
48,48,5135BL0046P1,B0053AAFAAIDU01,00:00:00,00:00:00,1,0.0,2022-03-24,Terminal Sulacap :: Plataforma BRT,-22.884539999999998,-43.39993,POINT (-43.39993 -22.88454)
49,49,5137BL0001U2,B0053AAFAAIDU01,00:00:35,00:00:35,2,285.0,2022-03-24,Marechal Fontenelle,-22.88695,-43.400929999999995,POINT (-43.40093 -22.88695)
50,50,4115BL0001U2,B0053AAFAAIDU01,00:20:05,00:20:05,3,9641.0,2022-03-24,Morro do Outeiro,-22.97144,-43.4014,POINT (-43.4014 -22.97144)
51,51,4128BC0004U2,B0053AAFAAIDU01,00:23:59,00:23:59,4,11516.0,2022-03-24,Rio 2,-22.97327,-43.38322,POINT (-43.38322 -22.97327)
52,52,4128BC0003U2,B0053AAFAAIDU01,00:28:27,00:28:27,5,13662.0,2022-03-24,Via Parque,-22.98396,-43.365759999999995,POINT (-43.36575999999999 -22.98396)
53,53,4128BO0226P2,B0053AAFAAIDU01,00:32:28,00:32:28,6,15586.0,2022-03-24,Terminal Alvorada :: Plataforma B (Desembarque),-23.001296303606267,-43.367123534465726,POINT (-43.36712353446573 -23.00129630360627)
54,54,5135BL0046P1,B0053AAFAAIDU01,00:00:00,00:00:00,1,0.0,2022-03-25,Terminal Sulacap :: Plataforma BRT,-22.884539999999998,-43.39993,POINT (-43.39993 -22.88454)
55,55,5137BL0001U2,B0053AAFAAIDU01,00:00:35,00:00:35,2,285.0,2022-03-25,Marechal Fontenelle,-22.88695,-43.400929999999995,POINT (-43.40093 -22.88695)
56,56,4115BL0001U2,B0053AAFAAIDU01,00:20:05,00:20:05,3,9641.0,2022-03-25,Morro do Outeiro,-22.97144,-43.4014,POINT (-43.4014 -22.97144)
57,57,4128BC0004U2,B0053AAFAAIDU01,00:23:59,00:23:59,4,11516.0,2022-03-25,Rio 2,-22.97327,-43.38322,POINT (-43.38322 -22.97327)
58,58,4128BC0003U2,B0053AAFAAIDU01,00:28:27,00:28:27,5,13662.0,2022-03-25,Via Parque,-22.98396,-43.365759999999995,POINT (-43.36575999999999 -22.98396)
59,59,4128BO0226P2,B0053AAFAAIDU01,00:32:28,00:32:28,6,15586.0,2022-03-25,Terminal Alvorada :: Plataforma B (Desembarque),-23.001296303606267,-43.367123534465726,POINT (-43.36712353446573 -23.00129630360627)
60,60,5135BL0046P1,B0053AAFAAIDU01,00:00:00,00:00:00,1,0.0,2022-03-26,Terminal Sulacap :: Plataforma BRT,-22.884539999999998,-43.39993,POINT (-43.39993 -22.88454)
61,61,5137BL0001U2,B0053AAFAAIDU01,00:00:35,00:00:35,2,285.0,2022-03-26,Marechal Fontenelle,-22.88695,-43.400929999999995,POINT (-43.40093 -22.88695)
62,62,4115BL0001U2,B0053AAFAAIDU01,00:20:05,00:20:05,3,9641.0,2022-03-26,Morro do Outeiro,-22.97144,-43.4014,POINT (-43.4014 -22.97144)
63,63,4128BC0004U2,B0053AAFAAIDU01,00:23:59,00:23:59,4,11516.0,2022-03-26,Rio 2,-22.97327,-43.38322,POINT (-43.38322 -22.97327)
64,64,4128BC0003U2,B0053AAFAAIDU01,00:28:27,00:28:27,5,13662.0,2022-03-26,Via Parque,-22.98396,-43.365759999999995,POINT (-43.36575999999999 -22.98396)
65,65,4128BO0226P2,B0053AAFAAIDU01,00:32:28,00:32:28,6,15586.0,2022-03-26,Terminal Alvorada :: Plataforma B (Desembarque),-23.001296303606267,-43.367123534465726,POINT (-43.36712353446573 -23.00129630360627)
66,66,5135BL0046P1,B0053AAFAAIDU01,00:00:00,00:00:00,1,0.0,2022-03-27,Terminal Sulacap :: Plataforma BRT,-22.884539999999998,-43.39993,POINT (-43.39993 -22.88454)
67,67,5137BL0001U2,B0053AAFAAIDU01,00:00:35,00:00:35,2,285.0,2022-03-27,Marechal Fontenelle,-22.88695,-43.400929999999995,POINT (-43.40093 -22.88695)
68,68,4115BL0001U2,B0053AAFAAIDU01,00:20:05,00:20:05,3,9641.0,2022-03-27,Morro do Outeiro,-22.97144,-43.4014,POINT (-43.4014 -22.97144)
69,69,4128BC0004U2,B0053AAFAAIDU01,00:23:59,00:23:59,4,11516.0,2022-03-27,Rio 2,-22.97327,-43.38322,POINT (-43.38322 -22.97327)
70,70,4128BC0003U2,B0053AAFAAIDU01,00:28:27,00:28:27,5,13662.0,2022-03-27,Via Parque,-22.98396,-43.365759999999995,POINT (-43.36575999999999 -22.98396)
71,71,4128BO0226P2,B0053AAFAAIDU01,00:32:28,00:32:28,6,15586.0,2022-03-27,Terminal Alvorada :: Plataforma B (Desembarque),-23.001296303606267,-43.367123534465726,POINT (-43.36712353446573 -23.00129630360627)
72,72,5135BL0046P1,B0053AAFAAIDU01,00:00:00,00:00:00,1,0.0,2022-03-28,Terminal Sulacap :: Plataforma BRT,-22.884539999999998,-43.39993,POINT (-43.39993 -22.88454)
73,73,5137BL0001U2,B0053AAFAAIDU01,00:00:35,00:00:35,2,285.0,2022-03-28,Marechal Fontenelle,-22.88695,-43.400929999999995,POINT (-43.40093 -22.88695)
74,74,4115BL0001U2,B0053AAFAAIDU01,00:20:05,00:20:05,3,9641.0,2022-03-28,Morro do Outeiro,-22.97144,-43.4014,POINT (-43.4014 -22.97144)
75,75,4128BC0004U2,B0053AAFAAIDU01,00:23:59,00:23:59,4,11516.0,2022-03-28,Rio 2,-22.97327,-43.38322,POINT (-43.38322 -22.97327)
76,76,4128BC0003U2,B0053AAFAAIDU01,00:28:27,00:28:27,5,13662.0,2022-03-28,Via Parque,-22.98396,-43.365759999999995,POINT (-43.36575999999999 -22.98396)
77,77,4128BO0226P2,B0053AAFAAIDU01,00:32:28,00:32:28,6,15586.0,2022-03-28,Terminal Alvorada :: Plataforma B (Desembarque),-23.001296303606267,-43.367123534465726,POINT (-43.36712353446573 -23.00129630360627)
78,78,5135BL0046P1,B0053AAFAAIDU01,00:00:00,00:00:00,1,0.0,2022-03-29,Terminal Sulacap :: Plataforma BRT,-22.884539999999998,-43.39993,POINT (-43.39993 -22.88454)
79,79,5137BL0001U2,B0053AAFAAIDU01,00:00:35,00:00:35,2,285.0,2022-03-29,Marechal Fontenelle,-22.88695,-43.400929999999995,POINT (-43.40093 -22.88695)
80,80,4115BL0001U2,B0053AAFAAIDU01,00:20:05,00:20:05,3,9641.0,2022-03-29,Morro do Outeiro,-22.97144,-43.4014,POINT (-43.4014 -22.97144)
81,81,4128BC0004U2,B0053AAFAAIDU01,00:23:59,00:23:59,4,11516.0,2022-03-29,Rio 2,-22.97327,-43.38322,POINT (-43.38322 -22.97327)
82,82,4128BC0003U2,B0053AAFAAIDU01,00:28:27,00:28:27,5,13662.0,2022-03-29,Via Parque,-22.98396,-43.365759999999995,POINT (-43.36575999999999 -22.98396)
83,83,4128BO0226P2,B0053AAFAAIDU01,00:32:28,00:32:28,6,15586.0,2022-03-29,Terminal Alvorada :: Plataforma B (Desembarque),-23.001296303606267,-43.367123534465726,POINT (-43.36712353446573 -23.00129630360627)
84,84,5135BL0046P1,B0053AAFAAIDU01,00:00:00,00:00:00,1,0.0,2022-03-30,Terminal Sulacap :: Plataforma BRT,-22.884539999999998,-43.39993,POINT (-43.39993 -22.88454)
85,85,5137BL0001U2,B0053AAFAAIDU01,00:00:35,00:00:35,2,285.0,2022-03-30,Marechal Fontenelle,-22.88695,-43.400929999999995,POINT (-43.40093 -22.88695)
86,86,4115BL0001U2,B0053AAFAAIDU01,00:20:05,00:20:05,3,9641.0,2022-03-30,Morro do Outeiro,-22.97144,-43.4014,POINT (-43.4014 -22.97144)
87,87,4128BC0004U2,B0053AAFAAIDU01,00:23:59,00:23:59,4,11516.0,2022-03-30,Rio 2,-22.97327,-43.38322,POINT (-43.38322 -22.97327)
88,88,4128BC0003U2,B0053AAFAAIDU01,00:28:27,00:28:27,5,13662.0,2022-03-30,Via Parque,-22.98396,-43.365759999999995,POINT (-43.36575999999999 -22.98396)
89,89,4128BO0226P2,B0053AAFAAIDU01,00:32:28,00:32:28,6,15586.0,2022-03-30,Terminal Alvorada :: Plataforma B (Desembarque),-23.001296303606267,-43.367123534465726,POINT (-43.36712353446573 -23.00129630360627)
90,90,5135BL0046P1,B0053AAFAAIDU01,00:00:00,00:00:00,1,0.0,2022-03-31,Terminal Sulacap :: Plataforma BRT,-22.884539999999998,-43.39993,POINT (-43.39993 -22.88454)
91,91,5137BL0001U2,B0053AAFAAIDU01,00:00:35,00:00:35,2,285.0,2022-03-31,Marechal Fontenelle,-22.88695,-43.400929999999995,POINT (-43.40093 -22.88695)
92,92,4115BL0001U2,B0053AAFAAIDU01,00:20:05,00:20:05,3,9641.0,2022-03-31,Morro do Outeiro,-22.97144,-43.4014,POINT (-43.4014 -22.97144)
93,93,4128BC0004U2,B0053AAFAAIDU01,00:23:59,00:23:59,4,11516.0,2022-03-31,Rio 2,-22.97327,-43.38322,POINT (-43.38322 -22.97327)
94,94,4128BC0003U2,B0053AAFAAIDU01,00:28:27,00:28:27,5,13662.0,2022-03-31,Via Parque,-22.98396,-43.365759999999995,POINT (-43.36575999999999 -22.98396)
95,95,4128BO0226P2,B0053AAFAAIDU01,00:32:28,00:32:28,6,15586.0,2022-03-31,Terminal Alvorada :: Plataforma B (Desembarque),-23.001296303606267,-43.367123534465726,POINT (-43.36712353446573 -23.00129630360627)
96,96,5135BL0046P1,B0053AAFAAIDU01,00:00:00,00:00:00,1,0.0,2022-04-01,Terminal Sulacap :: Plataforma BRT,-22.884539999999998,-43.39993,POINT (-43.39993 -22.88454)
97,97,5137BL0001U2,B0053AAFAAIDU01,00:00:35,00:00:35,2,285.0,2022-04-01,Marechal Fontenelle,-22.88695,-43.400929999999995,POINT (-43.40093 -22.88695)
98,98,4115BL0001U2,B0053AAFAAIDU01,00:20:05,00:20:05,3,9641.0,2022-04-01,Morro do Outeiro,-22.97144,-43.4014,POINT (-43.4014 -22.97144)
99,99,4128BC0004U2,B0053AAFAAIDU01,00:23:59,00:23:59,4,11516.0,2022-04-01,Rio 2,-22.97327,-43.38322,POINT (-43.38322 -22.97327)
100,100,4128BC0003U2,B0053AAFAAIDU01,00:28:27,00:28:27,5,13662.0,2022-04-01,Via Parque,-22.98396,-43.365759999999995,POINT (-43.36575999999999 -22.98396)
101,101,4128BO0226P2,B0053AAFAAIDU01,00:32:28,00:32:28,6,15586.0,2022-04-01,Terminal Alvorada :: Plataforma B (Desembarque),-23.001296303606267,-43.367123534465726,POINT (-43.36712353446573 -23.00129630360627)
102,102,5135BL0046P1,B0053AAFAAIDU01,00:00:00,00:00:00,1,0.0,2022-04-02,Terminal Sulacap :: Plataforma BRT,-22.884539999999998,-43.39993,POINT (-43.39993 -22.88454)
103,103,5137BL0001U2,B0053AAFAAIDU01,00:00:35,00:00:35,2,285.0,2022-04-02,Marechal Fontenelle,-22.88695,-43.400929999999995,POINT (-43.40093 -22.88695)
104,104,4115BL0001U2,B0053AAFAAIDU01,00:20:05,00:20:05,3,9641.0,2022-04-02,Morro do Outeiro,-22.97144,-43.4014,POINT (-43.4014 -22.97144)
105,105,4128BC0004U2,B0053AAFAAIDU01,00:23:59,00:23:59,4,11516.0,2022-04-02,Rio 2,-22.97327,-43.38322,POINT (-43.38322 -22.97327)
106,106,4128BC0003U2,B0053AAFAAIDU01,00:28:27,00:28:27,5,13662.0,2022-04-02,Via Parque,-22.98396,-43.365759999999995,POINT (-43.36575999999999 -22.98396)
107,107,4128BO0226P2,B0053AAFAAIDU01,00:32:28,00:32:28,6,15586.0,2022-04-02,Terminal Alvorada :: Plataforma B (Desembarque),-23.001296303606267,-43.367123534465726,POINT (-43.36712353446573 -23.00129630360627)
108,108,5135BL0046P1,B0053AAFAAIDU01,00:00:00,00:00:00,1,0.0,2022-04-03,Terminal Sulacap :: Plataforma BRT,-22.884539999999998,-43.39993,POINT (-43.39993 -22.88454)
109,109,5137BL0001U2,B0053AAFAAIDU01,00:00:35,00:00:35,2,285.0,2022-04-03,Marechal Fontenelle,-22.88695,-43.400929999999995,POINT (-43.40093 -22.88695)
110,110,4115BL0001U2,B0053AAFAAIDU01,00:20:05,00:20:05,3,9641.0,2022-04-03,Morro do Outeiro,-22.97144,-43.4014,POINT (-43.4014 -22.97144)
111,111,4128BC0004U2,B0053AAFAAIDU01,00:23:59,00:23:59,4,11516.0,2022-04-03,Rio 2,-22.97327,-43.38322,POINT (-43.38322 -22.97327)
112,112,4128BC0003U2,B0053AAFAAIDU01,00:28:27,00:28:27,5,13662.0,2022-04-03,Via Parque,-22.98396,-43.365759999999995,POINT (-43.36575999999999 -22.98396)
113,113,4128BO0226P2,B0053AAFAAIDU01,00:32:28,00:32:28,6,15586.0,2022-04-03,Terminal Alvorada :: Plataforma B (Desembarque),-23.001296303606267,-43.367123534465726,POINT (-43.36712353446573 -23.00129630360627)
114,114,5135BL0046P1,B0053AAFAAIDU01,00:00:00,00:00:00,1,0.0,2022-04-04,Terminal Sulacap :: Plataforma BRT,-22.884539999999998,-43.39993,POINT (-43.39993 -22.88454)
115,115,5137BL0001U2,B0053AAFAAIDU01,00:00:35,00:00:35,2,285.0,2022-04-04,Marechal Fontenelle,-22.88695,-43.400929999999995,POINT (-43.40093 -22.88695)
116,116,4115BL0001U2,B0053AAFAAIDU01,00:20:05,00:20:05,3,9641.0,2022-04-04,Morro do Outeiro,-22.97144,-43.4014,POINT (-43.4014 -22.97144)
117,117,4128BC0004U2,B0053AAFAAIDU01,00:23:59,00:23:59,4,11516.0,2022-04-04,Rio 2,-22.97327,-43.38322,POINT (-43.38322 -22.97327)
118,118,4128BC0003U2,B0053AAFAAIDU01,00:28:27,00:28:27,5,13662.0,2022-04-04,Via Parque,-22.98396,-43.365759999999995,POINT (-43.36575999999999 -22.98396)
119,119,4128BO0226P2,B0053AAFAAIDU01,00:32:28,00:32:28,6,15586.0,2022-04-04,Terminal Alvorada :: Plataforma B (Desembarque),-23.001296303606267,-43.367123534465726,POINT (-43.36712353446573 -23.00129630360627)
120,120,5135BL0046P1,B0053AAFAAIDU01,00:00:00,00:00:00,1,0.0,2022-04-05,Terminal Sulacap :: Plataforma BRT,-22.884539999999998,-43.39993,POINT (-43.39993 -22.88454)
121,121,5137BL0001U2,B0053AAFAAIDU01,00:00:35,00:00:35,2,285.0,2022-04-05,Marechal Fontenelle,-22.88695,-43.400929999999995,POINT (-43.40093 -22.88695)
122,122,4115BL0001U2,B0053AAFAAIDU01,00:20:05,00:20:05,3,9641.0,2022-04-05,Morro do Outeiro,-22.97144,-43.4014,POINT (-43.4014 -22.97144)
123,123,4128BC0004U2,B0053AAFAAIDU01,00:23:59,00:23:59,4,11516.0,2022-04-05,Rio 2,-22.97327,-43.38322,POINT (-43.38322 -22.97327)
124,124,4128BC0003U2,B0053AAFAAIDU01,00:28:27,00:28:27,5,13662.0,2022-04-05,Via Parque,-22.98396,-43.365759999999995,POINT (-43.36575999999999 -22.98396)
125,125,4128BO0226P2,B0053AAFAAIDU01,00:32:28,00:32:28,6,15586.0,2022-04-05,Terminal Alvorada :: Plataforma B (Desembarque),-23.001296303606267,-43.367123534465726,POINT (-43.36712353446573 -23.00129630360627)
126,126,5135BL0046P1,B0053AAFAAIDU01,00:00:00,00:00:00,1,0.0,2022-04-06,Terminal Sulacap :: Plataforma BRT,-22.884539999999998,-43.39993,POINT (-43.39993 -22.88454)
127,127,5137BL0001U2,B0053AAFAAIDU01,00:00:35,00:00:35,2,285.0,2022-04-06,Marechal Fontenelle,-22.88695,-43.400929999999995,POINT (-43.40093 -22.88695)
128,128,4115BL0001U2,B0053AAFAAIDU01,00:20:05,00:20:05,3,9641.0,2022-04-06,Morro do Outeiro,-22.97144,-43.4014,POINT (-43.4014 -22.97144)
129,129,4128BC0004U2,B0053AAFAAIDU01,00:23:59,00:23:59,4,11516.0,2022-04-06,Rio 2,-22.97327,-43.38322,POINT (-43.38322 -22.97327)
130,130,4128BC0003U2,B0053AAFAAIDU01,00:28:27,00:28:27,5,13662.0,2022-04-06,Via Parque,-22.98396,-43.365759999999995,POINT (-43.36575999999999 -22.98396)
131,131,4128BO0226P2,B0053AAFAAIDU01,00:32:28,00:32:28,6,15586.0,2022-04-06,Terminal Alvorada :: Plataforma B (Desembarque),-23.001296303606267,-43.367123534465726,POINT (-43.36712353446573 -23.00129630360627)
132,132,5135BL0046P1,B0053AAFAAIDU01,00:00:00,00:00:00,1,0.0,2022-04-07,Terminal Sulacap :: Plataforma BRT,-22.884539999999998,-43.39993,POINT (-43.39993 -22.88454)
133,133,5137BL0001U2,B0053AAFAAIDU01,00:00:35,00:00:35,2,285.0,2022-04-07,Marechal Fontenelle,-22.88695,-43.400929999999995,POINT (-43.40093 -22.88695)
134,134,4115BL0001U2,B0053AAFAAIDU01,00:20:05,00:20:05,3,9641.0,2022-04-07,Morro do Outeiro,-22.97144,-43.4014,POINT (-43.4014 -22.97144)
135,135,4128BC0004U2,B0053AAFAAIDU01,00:23:59,00:23:59,4,11516.0,2022-04-07,Rio 2,-22.97327,-43.38322,POINT (-43.38322 -22.97327)
136,136,4128BC0003U2,B0053AAFAAIDU01,00:28:27,00:28:27,5,13662.0,2022-04-07,Via Parque,-22.98396,-43.365759999999995,POINT (-43.36575999999999 -22.98396)
137,137,4128BO0226P2,B0053AAFAAIDU01,00:32:28,00:32:28,6,15586.0,2022-04-07,Terminal Alvorada :: Plataforma B (Desembarque),-23.001296303606267,-43.367123534465726,POINT (-43.36712353446573 -23.00129630360627)
138,138,5135BL0046P1,B0053AAFAAIDU01,00:00:00,00:00:00,1,0.0,2022-04-08,Terminal Sulacap :: Plataforma BRT,-22.884539999999998,-43.39993,POINT (-43.39993 -22.88454)
139,139,5137BL0001U2,B0053AAFAAIDU01,00:00:35,00:00:35,2,285.0,2022-04-08,Marechal Fontenelle,-22.88695,-43.400929999999995,POINT (-43.40093 -22.88695)
140,140,4115BL0001U2,B0053AAFAAIDU01,00:20:05,00:20:05,3,9641.0,2022-04-08,Morro do Outeiro,-22.97144,-43.4014,POINT (-43.4014 -22.97144)
141,141,4128BC0004U2,B0053AAFAAIDU01,00:23:59,00:23:59,4,11516.0,2022-04-08,Rio 2,-22.97327,-43.38322,POINT (-43.38322 -22.97327)
142,142,4128BC0003U2,B0053AAFAAIDU01,00:28:27,00:28:27,5,13662.0,2022-04-08,Via Parque,-22.98396,-43.365759999999995,POINT (-43.36575999999999 -22.98396)
143,143,4128BO0226P2,B0053AAFAAIDU01,00:32:28,00:32:28,6,15586.0,2022-04-08,Terminal Alvorada :: Plataforma B (Desembarque),-23.001296303606267,-43.367123534465726,POINT (-43.36712353446573 -23.00129630360627)
144,144,5135BL0046P1,B0053AAFAAIDU01,00:00:00,00:00:00,1,0.0,2022-04-11,Terminal Sulacap :: Plataforma BRT,-22.884539999999998,-43.39993,POINT (-43.39993 -22.88454)
145,145,5137BL0001U2,B0053AAFAAIDU01,00:00:35,00:00:35,2,285.0,2022-04-11,Marechal Fontenelle,-22.88695,-43.400929999999995,POINT (-43.40093 -22.88695)
146,146,4115BL0001U2,B0053AAFAAIDU01,00:20:05,00:20:05,3,9641.0,2022-04-11,Morro do Outeiro,-22.97144,-43.4014,POINT (-43.4014 -22.97144)
147,147,4128BC0004U2,B0053AAFAAIDU01,00:23:59,00:23:59,4,11516.0,2022-04-11,Rio 2,-22.97327,-43.38322,POINT (-43.38322 -22.97327)
148,148,4128BC0003U2,B0053AAFAAIDU01,00:28:27,00:28:27,5,13662.0,2022-04-11,Via Parque,-22.98396,-43.365759999999995,POINT (-43.36575999999999 -22.98396)
149,149,4128BO0226P2,B0053AAFAAIDU01,00:32:28,00:32:28,6,15586.0,2022-04-11,Terminal Alvorada :: Plataforma B (Desembarque),-23.001296303606267,-43.367123534465726,POINT (-43.36712353446573 -23.00129630360627)
150,150,5135BL0046P1,B0053AAFAAIDU01,00:00:00,00:00:00,1,0.0,2022-04-12,Terminal Sulacap :: Plataforma BRT,-22.884539999999998,-43.39993,POINT (-43.39993 -22.88454)
151,151,5137BL0001U2,B0053AAFAAIDU01,00:00:35,00:00:35,2,285.0,2022-04-12,Marechal Fontenelle,-22.88695,-43.400929999999995,POINT (-43.40093 -22.88695)
152,152,4115BL0001U2,B0053AAFAAIDU01,00:20:05,00:20:05,3,9641.0,2022-04-12,Morro do Outeiro,-22.97144,-43.4014,POINT (-43.4014 -22.97144)
153,153,4128BC0004U2,B0053AAFAAIDU01,00:23:59,00:23:59,4,11516.0,2022-04-12,Rio 2,-22.97327,-43.38322,POINT (-43.38322 -22.97327)
154,154,4128BC0003U2,B0053AAFAAIDU01,00:28:27,00:28:27,5,13662.0,2022-04-12,Via Parque,-22.98396,-43.365759999999995,POINT (-43.36575999999999 -22.98396)
155,155,4128BO0226P2,B0053AAFAAIDU01,00:32:28,00:32:28,6,15586.0,2022-04-12,Terminal Alvorada :: Plataforma B (Desembarque),-23.001296303606267,-43.367123534465726,POINT (-43.36712353446573 -23.00129630360627)
156,156,5135BL0046P1,B0053AAFAAIDU01,00:00:00,00:00:00,1,0.0,2022-04-13,Terminal Sulacap :: Plataforma BRT,-22.884539999999998,-43.39993,POINT (-43.39993 -22.88454)
157,157,5137BL0001U2,B0053AAFAAIDU01,00:00:35,00:00:35,2,285.0,2022-04-13,Marechal Fontenelle,-22.88695,-43.400929999999995,POINT (-43.40093 -22.88695)
158,158,4115BL0001U2,B0053AAFAAIDU01,00:20:05,00:20:05,3,9641.0,2022-04-13,Morro do Outeiro,-22.97144,-43.4014,POINT (-43.4014 -22.97144)
159,159,4128BC0004U2,B0053AAFAAIDU01,00:23:59,00:23:59,4,11516.0,2022-04-13,Rio 2,-22.97327,-43.38322,POINT (-43.38322 -22.97327)
160,160,4128BC0003U2,B0053AAFAAIDU01,00:28:27,00:28:27,5,13662.0,2022-04-13,Via Parque,-22.98396,-43.365759999999995,POINT (-43.36575999999999 -22.98396)
161,161,4128BO0226P2,B0053AAFAAIDU01,00:32:28,00:32:28,6,15586.0,2022-04-13,Terminal Alvorada :: Plataforma B (Desembarque),-23.001296303606267,-43.367123534465726,POINT (-43.36712353446573 -23.00129630360627)
162,162,5135BL0046P1,B0053AAFAAIDU01,00:00:00,00:00:00,1,0.0,2022-04-14,Terminal Sulacap :: Plataforma BRT,-22.884539999999998,-43.39993,POINT (-43.39993 -22.88454)
163,163,5137BL0001U2,B0053AAFAAIDU01,00:00:35,00:00:35,2,285.0,2022-04-14,Marechal Fontenelle,-22.88695,-43.400929999999995,POINT (-43.40093 -22.88695)
164,164,4115BL0001U2,B0053AAFAAIDU01,00:20:05,00:20:05,3,9641.0,2022-04-14,Morro do Outeiro,-22.97144,-43.4014,POINT (-43.4014 -22.97144)
165,165,4128BC0004U2,B0053AAFAAIDU01,00:23:59,00:23:59,4,11516.0,2022-04-14,Rio 2,-22.97327,-43.38322,POINT (-43.38322 -22.97327)
166,166,4128BC0003U2,B0053AAFAAIDU01,00:28:27,00:28:27,5,13662.0,2022-04-14,Via Parque,-22.98396,-43.365759999999995,POINT (-43.36575999999999 -22.98396)
167,167,4128BO0226P2,B0053AAFAAIDU01,00:32:28,00:32:28,6,15586.0,2022-04-14,Terminal Alvorada :: Plataforma B (Desembarque),-23.001296303606267,-43.367123534465726,POINT (-43.36712353446573 -23.00129630360627)
168,168,5135BL0046P1,B0053AAFAAIDU01,00:00:00,00:00:00,1,0.0,2022-04-15,Terminal Sulacap :: Plataforma BRT,-22.884539999999998,-43.39993,POINT (-43.39993 -22.88454)
169,169,5137BL0001U2,B0053AAFAAIDU01,00:00:35,00:00:35,2,285.0,2022-04-15,Marechal Fontenelle,-22.88695,-43.400929999999995,POINT (-43.40093 -22.88695)
170,170,4115BL0001U2,B0053AAFAAIDU01,00:20:05,00:20:05,3,9641.0,2022-04-15,Morro do Outeiro,-22.97144,-43.4014,POINT (-43.4014 -22.97144)
171,171,4128BC0004U2,B0053AAFAAIDU01,00:23:59,00:23:59,4,11516.0,2022-04-15,Rio 2,-22.97327,-43.38322,POINT (-43.38322 -22.97327)
172,172,4128BC0003U2,B0053AAFAAIDU01,00:28:27,00:28:27,5,13662.0,2022-04-15,Via Parque,-22.98396,-43.365759999999995,POINT (-43.36575999999999 -22.98396)
173,173,4128BO0226P2,B0053AAFAAIDU01,00:32:28,00:32:28,6,15586.0,2022-04-15,Terminal Alvorada :: Plataforma B (Desembarque),-23.001296303606267,-43.367123534465726,POINT (-43.36712353446573 -23.00129630360627)
174,174,5135BL0046P1,B0053AAFAAIDU01,00:00:00,00:00:00,1,0.0,2022-04-16,Terminal Sulacap :: Plataforma BRT,-22.884539999999998,-43.39993,POINT (-43.39993 -22.88454)
175,175,5137BL0001U2,B0053AAFAAIDU01,00:00:35,00:00:35,2,285.0,2022-04-16,Marechal Fontenelle,-22.88695,-43.400929999999995,POINT (-43.40093 -22.88695)
176,176,4115BL0001U2,B0053AAFAAIDU01,00:20:05,00:20:05,3,9641.0,2022-04-16,Morro do Outeiro,-22.97144,-43.4014,POINT (-43.4014 -22.97144)
177,177,4128BC0004U2,B0053AAFAAIDU01,00:23:59,00:23:59,4,11516.0,2022-04-16,Rio 2,-22.97327,-43.38322,POINT (-43.38322 -22.97327)
178,178,4128BC0003U2,B0053AAFAAIDU01,00:28:27,00:28:27,5,13662.0,2022-04-16,Via Parque,-22.98396,-43.365759999999995,POINT (-43.36575999999999 -22.98396)
179,179,4128BO0226P2,B0053AAFAAIDU01,00:32:28,00:32:28,6,15586.0,2022-04-16,Terminal Alvorada :: Plataforma B (Desembarque),-23.001296303606267,-43.367123534465726,POINT (-43.36712353446573 -23.00129630360627)
180,180,4128BO0010P2,B0053AAFAAVDU01,00:00:00,00:00:00,1,0.0,2022-03-16,Terminal Alvorada :: Plataforma B (Embarque),-23.00127408294008,-43.365286095561984,POINT (-43.36528609556198 -23.00127408294008)
181,181,4128BO0010P2,B0053AAFAAVDU01,00:00:00,00:00:00,1,0.0,2022-03-16,Terminal Alvorada :: Plataforma B (Embarque),-23.00127408294008,-43.365286095561984,POINT (-43.36528609556198 -23.00127408294008)
182,182,4128BC0003U1,B0053AAFAAVDU01,,,2,,2022-03-16,Via Parque,-22.983970000000003,-43.36567,POINT (-43.36567 -22.98397)
183,183,4128BC0004U1,B0053AAFAAVDU01,,,3,,2022-03-16,Rio 2,-22.97319,-43.38326,POINT (-43.38326 -22.97319)
184,184,4115BL0001U1,B0053AAFAAVDU01,,,4,,2022-03-16,Morro do Outeiro,-22.97146,-43.4013,POINT (-43.4013 -22.97146)
185,185,5137BL0001U1,B0053AAFAAVDU01,,,5,,2022-03-16,Marechal Fontenelle,-22.88685,-43.40081,POINT (-43.40081 -22.88685)
186,186,5135BL0046P1,B0053AAFAAVDU01,,,6,,2022-03-16,Terminal Sulacap :: Plataforma BRT,-22.884539999999998,-43.39993,POINT (-43.39993 -22.88454)
187,187,4128BO0010P2,B0053AAFAAVDU01,00:00:00,00:00:00,1,0.0,2022-03-17,Terminal Alvorada :: Plataforma B (Embarque),-23.00127408294008,-43.365286095561984,POINT (-43.36528609556198 -23.00127408294008)
188,188,4128BO0010P2,B0053AAFAAVDU01,00:00:00,00:00:00,1,0.0,2022-03-17,Terminal Alvorada :: Plataforma B (Embarque),-23.00127408294008,-43.365286095561984,POINT (-43.36528609556198 -23.00127408294008)
189,189,4128BC0003U1,B0053AAFAAVDU01,,,2,,2022-03-17,Via Parque,-22.983970000000003,-43.36567,POINT (-43.36567 -22.98397)
190,190,4128BC0004U1,B0053AAFAAVDU01,,,3,,2022-03-17,Rio 2,-22.97319,-43.38326,POINT (-43.38326 -22.97319)
191,191,4115BL0001U1,B0053AAFAAVDU01,,,4,,2022-03-17,Morro do Outeiro,-22.97146,-43.4013,POINT (-43.4013 -22.97146)
192,192,5137BL0001U1,B0053AAFAAVDU01,,,5,,2022-03-17,Marechal Fontenelle,-22.88685,-43.40081,POINT (-43.40081 -22.88685)
193,193,5135BL0046P1,B0053AAFAAVDU01,,,6,,2022-03-17,Terminal Sulacap :: Plataforma BRT,-22.884539999999998,-43.39993,POINT (-43.39993 -22.88454)
194,194,4128BO0010P2,B0053AAFAAVDU01,00:00:00,00:00:00,1,0.0,2022-03-18,Terminal Alvorada :: Plataforma B (Embarque),-23.00127408294008,-43.365286095561984,POINT (-43.36528609556198 -23.00127408294008)
195,195,4128BO0010P2,B0053AAFAAVDU01,00:00:00,00:00:00,1,0.0,2022-03-18,Terminal Alvorada :: Plataforma B (Embarque),-23.00127408294008,-43.365286095561984,POINT (-43.36528609556198 -23.00127408294008)
196,196,4128BC0003U1,B0053AAFAAVDU01,,,2,,2022-03-18,Via Parque,-22.983970000000003,-43.36567,POINT (-43.36567 -22.98397)
197,197,4128BC0004U1,B0053AAFAAVDU01,,,3,,2022-03-18,Rio 2,-22.97319,-43.38326,POINT (-43.38326 -22.97319)
198,198,4115BL0001U1,B0053AAFAAVDU01,,,4,,2022-03-18,Morro do Outeiro,-22.97146,-43.4013,POINT (-43.4013 -22.97146)
199,199,5137BL0001U1,B0053AAFAAVDU01,,,5,,2022-03-18,Marechal Fontenelle,-22.88685,-43.40081,POINT (-43.40081 -22.88685)
200,200,5135BL0046P1,B0053AAFAAVDU01,,,6,,2022-03-18,Terminal Sulacap :: Plataforma BRT,-22.884539999999998,-43.39993,POINT (-43.39993 -22.88454)
201,201,4128BO0010P2,B0053AAFAAVDU01,00:00:00,00:00:00,1,0.0,2022-03-19,Terminal Alvorada :: Plataforma B (Embarque),-23.00127408294008,-43.365286095561984,POINT (-43.36528609556198 -23.00127408294008)
202,202,4128BO0010P2,B0053AAFAAVDU01,00:00:00,00:00:00,1,0.0,2022-03-19,Terminal Alvorada :: Plataforma B (Embarque),-23.00127408294008,-43.365286095561984,POINT (-43.36528609556198 -23.00127408294008)
203,203,4128BC0003U1,B0053AAFAAVDU01,,,2,,2022-03-19,Via Parque,-22.983970000000003,-43.36567,POINT (-43.36567 -22.98397)
204,204,4128BC0004U1,B0053AAFAAVDU01,,,3,,2022-03-19,Rio 2,-22.97319,-43.38326,POINT (-43.38326 -22.97319)
205,205,4115BL0001U1,B0053AAFAAVDU01,,,4,,2022-03-19,Morro do Outeiro,-22.97146,-43.4013,POINT (-43.4013 -22.97146)
206,206,5137BL0001U1,B0053AAFAAVDU01,,,5,,2022-03-19,Marechal Fontenelle,-22.88685,-43.40081,POINT (-43.40081 -22.88685)
207,207,5135BL0046P1,B0053AAFAAVDU01,,,6,,2022-03-19,Terminal Sulacap :: Plataforma BRT,-22.884539999999998,-43.39993,POINT (-43.39993 -22.88454)
208,208,4128BO0010P2,B0053AAFAAVDU01,00:00:00,00:00:00,1,0.0,2022-03-20,Terminal Alvorada :: Plataforma B (Embarque),-23.00127408294008,-43.365286095561984,POINT (-43.36528609556198 -23.00127408294008)
209,209,4128BO0010P2,B0053AAFAAVDU01,00:00:00,00:00:00,1,0.0,2022-03-20,Terminal Alvorada :: Plataforma B (Embarque),-23.00127408294008,-43.365286095561984,POINT (-43.36528609556198 -23.00127408294008)
210,210,4128BC0003U1,B0053AAFAAVDU01,,,2,,2022-03-20,Via Parque,-22.983970000000003,-43.36567,POINT (-43.36567 -22.98397)
211,211,4128BC0004U1,B0053AAFAAVDU01,,,3,,2022-03-20,Rio 2,-22.97319,-43.38326,POINT (-43.38326 -22.97319)
212,212,4115BL0001U1,B0053AAFAAVDU01,,,4,,2022-03-20,Morro do Outeiro,-22.97146,-43.4013,POINT (-43.4013 -22.97146)
213,213,5137BL0001U1,B0053AAFAAVDU01,,,5,,2022-03-20,Marechal Fontenelle,-22.88685,-43.40081,POINT (-43.40081 -22.88685)
214,214,5135BL0046P1,B0053AAFAAVDU01,,,6,,2022-03-20,Terminal Sulacap :: Plataforma BRT,-22.884539999999998,-43.39993,POINT (-43.39993 -22.88454)
215,215,4128BO0010P2,B0053AAFAAVDU01,00:00:00,00:00:00,1,0.0,2022-03-21,Terminal Alvorada :: Plataforma B (Embarque),-23.00127408294008,-43.365286095561984,POINT (-43.36528609556198 -23.00127408294008)
216,216,4128BO0010P2,B0053AAFAAVDU01,00:00:00,00:00:00,1,0.0,2022-03-21,Terminal Alvorada :: Plataforma B (Embarque),-23.00127408294008,-43.365286095561984,POINT (-43.36528609556198 -23.00127408294008)
217,217,4128BC0003U1,B0053AAFAAVDU01,,,2,,2022-03-21,Via Parque,-22.983970000000003,-43.36567,POINT (-43.36567 -22.98397)
218,218,4128BC0004U1,B0053AAFAAVDU01,,,3,,2022-03-21,Rio 2,-22.97319,-43.38326,POINT (-43.38326 -22.97319)
219,219,4115BL0001U1,B0053AAFAAVDU01,,,4,,2022-03-21,Morro do Outeiro,-22.97146,-43.4013,POINT (-43.4013 -22.97146)
220,220,5137BL0001U1,B0053AAFAAVDU01,,,5,,2022-03-21,Marechal Fontenelle,-22.88685,-43.40081,POINT (-43.40081 -22.88685)
221,221,5135BL0046P1,B0053AAFAAVDU01,,,6,,2022-03-21,Terminal Sulacap :: Plataforma BRT,-22.884539999999998,-43.39993,POINT (-43.39993 -22.88454)
222,222,4128BO0010P2,B0053AAFAAVDU01,00:00:00,00:00:00,1,0.0,2022-03-22,Terminal Alvorada :: Plataforma B (Embarque),-23.00127408294008,-43.365286095561984,POINT (-43.36528609556198 -23.00127408294008)
223,223,4128BO0010P2,B0053AAFAAVDU01,00:00:00,00:00:00,1,0.0,2022-03-22,Terminal Alvorada :: Plataforma B (Embarque),-23.00127408294008,-43.365286095561984,POINT (-43.36528609556198 -23.00127408294008)
224,224,4128BC0003U1,B0053AAFAAVDU01,,,2,,2022-03-22,Via Parque,-22.983970000000003,-43.36567,POINT (-43.36567 -22.98397)
225,225,4128BC0004U1,B0053AAFAAVDU01,,,3,,2022-03-22,Rio 2,-22.97319,-43.38326,POINT (-43.38326 -22.97319)
226,226,4115BL0001U1,B0053AAFAAVDU01,,,4,,2022-03-22,Morro do Outeiro,-22.97146,-43.4013,POINT (-43.4013 -22.97146)
227,227,5137BL0001U1,B0053AAFAAVDU01,,,5,,2022-03-22,Marechal Fontenelle,-22.88685,-43.40081,POINT (-43.40081 -22.88685)
228,228,5135BL0046P1,B0053AAFAAVDU01,,,6,,2022-03-22,Terminal Sulacap :: Plataforma BRT,-22.884539999999998,-43.39993,POINT (-43.39993 -22.88454)
229,229,4128BO0010P2,B0053AAFAAVDU01,00:00:00,00:00:00,1,0.0,2022-03-23,Terminal Alvorada :: Plataforma B (Embarque),-23.00127408294008,-43.365286095561984,POINT (-43.36528609556198 -23.00127408294008)
230,230,4128BO0010P2,B0053AAFAAVDU01,00:00:00,00:00:00,1,0.0,2022-03-23,Terminal Alvorada :: Plataforma B (Embarque),-23.00127408294008,-43.365286095561984,POINT (-43.36528609556198 -23.00127408294008)
231,231,4128BC0003U1,B0053AAFAAVDU01,,,2,,2022-03-23,Via Parque,-22.983970000000003,-43.36567,POINT (-43.36567 -22.98397)
232,232,4128BC0004U1,B0053AAFAAVDU01,,,3,,2022-03-23,Rio 2,-22.97319,-43.38326,POINT (-43.38326 -22.97319)
233,233,4115BL0001U1,B0053AAFAAVDU01,,,4,,2022-03-23,Morro do Outeiro,-22.97146,-43.4013,POINT (-43.4013 -22.97146)
234,234,5137BL0001U1,B0053AAFAAVDU01,,,5,,2022-03-23,Marechal Fontenelle,-22.88685,-43.40081,POINT (-43.40081 -22.88685)
235,235,5135BL0046P1,B0053AAFAAVDU01,,,6,,2022-03-23,Terminal Sulacap :: Plataforma BRT,-22.884539999999998,-43.39993,POINT (-43.39993 -22.88454)
236,236,4128BO0010P2,B0053AAFAAVDU01,00:00:00,00:00:00,1,0.0,2022-03-24,Terminal Alvorada :: Plataforma B (Embarque),-23.00127408294008,-43.365286095561984,POINT (-43.36528609556198 -23.00127408294008)
237,237,4128BO0010P2,B0053AAFAAVDU01,00:00:00,00:00:00,1,0.0,2022-03-24,Terminal Alvorada :: Plataforma B (Embarque),-23.00127408294008,-43.365286095561984,POINT (-43.36528609556198 -23.00127408294008)
238,238,4128BC0003U1,B0053AAFAAVDU01,,,2,,2022-03-24,Via Parque,-22.983970000000003,-43.36567,POINT (-43.36567 -22.98397)
239,239,4128BC0004U1,B0053AAFAAVDU01,,,3,,2022-03-24,Rio 2,-22.97319,-43.38326,POINT (-43.38326 -22.97319)
240,240,4115BL0001U1,B0053AAFAAVDU01,,,4,,2022-03-24,Morro do Outeiro,-22.97146,-43.4013,POINT (-43.4013 -22.97146)
241,241,5137BL0001U1,B0053AAFAAVDU01,,,5,,2022-03-24,Marechal Fontenelle,-22.88685,-43.40081,POINT (-43.40081 -22.88685)
242,242,5135BL0046P1,B0053AAFAAVDU01,,,6,,2022-03-24,Terminal Sulacap :: Plataforma BRT,-22.884539999999998,-43.39993,POINT (-43.39993 -22.88454)
243,243,4128BO0010P2,B0053AAFAAVDU01,00:00:00,00:00:00,1,0.0,2022-03-25,Terminal Alvorada :: Plataforma B (Embarque),-23.00127408294008,-43.365286095561984,POINT (-43.36528609556198 -23.00127408294008)
244,244,4128BO0010P2,B0053AAFAAVDU01,00:00:00,00:00:00,1,0.0,2022-03-25,Terminal Alvorada :: Plataforma B (Embarque),-23.00127408294008,-43.365286095561984,POINT (-43.36528609556198 -23.00127408294008)
245,245,4128BC0003U1,B0053AAFAAVDU01,,,2,,2022-03-25,Via Parque,-22.983970000000003,-43.36567,POINT (-43.36567 -22.98397)
246,246,4128BC0004U1,B0053AAFAAVDU01,,,3,,2022-03-25,Rio 2,-22.97319,-43.38326,POINT (-43.38326 -22.97319)
247,247,4115BL0001U1,B0053AAFAAVDU01,,,4,,2022-03-25,Morro do Outeiro,-22.97146,-43.4013,POINT (-43.4013 -22.97146)
248,248,5137BL0001U1,B0053AAFAAVDU01,,,5,,2022-03-25,Marechal Fontenelle,-22.88685,-43.40081,POINT (-43.40081 -22.88685)
249,249,5135BL0046P1,B0053AAFAAVDU01,,,6,,2022-03-25,Terminal Sulacap :: Plataforma BRT,-22.884539999999998,-43.39993,POINT (-43.39993 -22.88454)
250,250,4128BO0010P2,B0053AAFAAVDU01,00:00:00,00:00:00,1,0.0,2022-03-26,Terminal Alvorada :: Plataforma B (Embarque),-23.00127408294008,-43.365286095561984,POINT (-43.36528609556198 -23.00127408294008)
251,251,4128BO0010P2,B0053AAFAAVDU01,00:00:00,00:00:00,1,0.0,2022-03-26,Terminal Alvorada :: Plataforma B (Embarque),-23.00127408294008,-43.365286095561984,POINT (-43.36528609556198 -23.00127408294008)
252,252,4128BC0003U1,B0053AAFAAVDU01,,,2,,2022-03-26,Via Parque,-22.983970000000003,-43.36567,POINT (-43.36567 -22.98397)
253,253,4128BC0004U1,B0053AAFAAVDU01,,,3,,2022-03-26,Rio 2,-22.97319,-43.38326,POINT (-43.38326 -22.97319)
254,254,4115BL0001U1,B0053AAFAAVDU01,,,4,,2022-03-26,Morro do Outeiro,-22.97146,-43.4013,POINT (-43.4013 -22.97146)
255,255,5137BL0001U1,B0053AAFAAVDU01,,,5,,2022-03-26,Marechal Fontenelle,-22.88685,-43.40081,POINT (-43.40081 -22.88685)
256,256,5135BL0046P1,B0053AAFAAVDU01,,,6,,2022-03-26,Terminal Sulacap :: Plataforma BRT,-22.884539999999998,-43.39993,POINT (-43.39993 -22.88454)
257,257,4128BO0010P2,B0053AAFAAVDU01,00:00:00,00:00:00,1,0.0,2022-03-27,Terminal Alvorada :: Plataforma B (Embarque),-23.00127408294008,-43.365286095561984,POINT (-43.36528609556198 -23.00127408294008)
258,258,4128BO0010P2,B0053AAFAAVDU01,00:00:00,00:00:00,1,0.0,2022-03-27,Terminal Alvorada :: Plataforma B (Embarque),-23.00127408294008,-43.365286095561984,POINT (-43.36528609556198 -23.00127408294008)
259,259,4128BC0003U1,B0053AAFAAVDU01,,,2,,2022-03-27,Via Parque,-22.983970000000003,-43.36567,POINT (-43.36567 -22.98397)
260,260,4128BC0004U1,B0053AAFAAVDU01,,,3,,2022-03-27,Rio 2,-22.97319,-43.38326,POINT (-43.38326 -22.97319)
261,261,4115BL0001U1,B0053AAFAAVDU01,,,4,,2022-03-27,Morro do Outeiro,-22.97146,-43.4013,POINT (-43.4013 -22.97146)
262,262,5137BL0001U1,B0053AAFAAVDU01,,,5,,2022-03-27,Marechal Fontenelle,-22.88685,-43.40081,POINT (-43.40081 -22.88685)
263,263,5135BL0046P1,B0053AAFAAVDU01,,,6,,2022-03-27,Terminal Sulacap :: Plataforma BRT,-22.884539999999998,-43.39993,POINT (-43.39993 -22.88454)
264,264,4128BO0010P2,B0053AAFAAVDU01,00:00:00,00:00:00,1,0.0,2022-03-28,Terminal Alvorada :: Plataforma B (Embarque),-23.00127408294008,-43.365286095561984,POINT (-43.36528609556198 -23.00127408294008)
265,265,4128BO0010P2,B0053AAFAAVDU01,00:00:00,00:00:00,1,0.0,2022-03-28,Terminal Alvorada :: Plataforma B (Embarque),-23.00127408294008,-43.365286095561984,POINT (-43.36528609556198 -23.00127408294008)
266,266,4128BC0003U1,B0053AAFAAVDU01,,,2,,2022-03-28,Via Parque,-22.983970000000003,-43.36567,POINT (-43.36567 -22.98397)
267,267,4128BC0004U1,B0053AAFAAVDU01,,,3,,2022-03-28,Rio 2,-22.97319,-43.38326,POINT (-43.38326 -22.97319)
268,268,4115BL0001U1,B0053AAFAAVDU01,,,4,,2022-03-28,Morro do Outeiro,-22.97146,-43.4013,POINT (-43.4013 -22.97146)
269,269,5137BL0001U1,B0053AAFAAVDU01,,,5,,2022-03-28,Marechal Fontenelle,-22.88685,-43.40081,POINT (-43.40081 -22.88685)
270,270,5135BL0046P1,B0053AAFAAVDU01,,,6,,2022-03-28,Terminal Sulacap :: Plataforma BRT,-22.884539999999998,-43.39993,POINT (-43.39993 -22.88454)
271,271,4128BO0010P2,B0053AAFAAVDU01,00:00:00,00:00:00,1,0.0,2022-03-29,Terminal Alvorada :: Plataforma B (Embarque),-23.00127408294008,-43.365286095561984,POINT (-43.36528609556198 -23.00127408294008)
272,272,4128BO0010P2,B0053AAFAAVDU01,00:00:00,00:00:00,1,0.0,2022-03-29,Terminal Alvorada :: Plataforma B (Embarque),-23.00127408294008,-43.365286095561984,POINT (-43.36528609556198 -23.00127408294008)
273,273,4128BC0003U1,B0053AAFAAVDU01,,,2,,2022-03-29,Via Parque,-22.983970000000003,-43.36567,POINT (-43.36567 -22.98397)
274,274,4128BC0004U1,B0053AAFAAVDU01,,,3,,2022-03-29,Rio 2,-22.97319,-43.38326,POINT (-43.38326 -22.97319)
275,275,4115BL0001U1,B0053AAFAAVDU01,,,4,,2022-03-29,Morro do Outeiro,-22.97146,-43.4013,POINT (-43.4013 -22.97146)
276,276,5137BL0001U1,B0053AAFAAVDU01,,,5,,2022-03-29,Marechal Fontenelle,-22.88685,-43.40081,POINT (-43.40081 -22.88685)
277,277,5135BL0046P1,B0053AAFAAVDU01,,,6,,2022-03-29,Terminal Sulacap :: Plataforma BRT,-22.884539999999998,-43.39993,POINT (-43.39993 -22.88454)
278,278,4128BO0010P2,B0053AAFAAVDU01,00:00:00,00:00:00,1,0.0,2022-03-30,Terminal Alvorada :: Plataforma B (Embarque),-23.00127408294008,-43.365286095561984,POINT (-43.36528609556198 -23.00127408294008)
279,279,4128BO0010P2,B0053AAFAAVDU01,00:00:00,00:00:00,1,0.0,2022-03-30,Terminal Alvorada :: Plataforma B (Embarque),-23.00127408294008,-43.365286095561984,POINT (-43.36528609556198 -23.00127408294008)
280,280,4128BC0003U1,B0053AAFAAVDU01,,,2,,2022-03-30,Via Parque,-22.983970000000003,-43.36567,POINT (-43.36567 -22.98397)
281,281,4128BC0004U1,B0053AAFAAVDU01,,,3,,2022-03-30,Rio 2,-22.97319,-43.38326,POINT (-43.38326 -22.97319)
282,282,4115BL0001U1,B0053AAFAAVDU01,,,4,,2022-03-30,Morro do Outeiro,-22.97146,-43.4013,POINT (-43.4013 -22.97146)
283,283,5137BL0001U1,B0053AAFAAVDU01,,,5,,2022-03-30,Marechal Fontenelle,-22.88685,-43.40081,POINT (-43.40081 -22.88685)
284,284,5135BL0046P1,B0053AAFAAVDU01,,,6,,2022-03-30,Terminal Sulacap :: Plataforma BRT,-22.884539999999998,-43.39993,POINT (-43.39993 -22.88454)
285,285,4128BO0010P2,B0053AAFAAVDU01,00:00:00,00:00:00,1,0.0,2022-03-31,Terminal Alvorada :: Plataforma B (Embarque),-23.00127408294008,-43.365286095561984,POINT (-43.36528609556198 -23.00127408294008)
286,286,4128BO0010P2,B0053AAFAAVDU01,00:00:00,00:00:00,1,0.0,2022-03-31,Terminal Alvorada :: Plataforma B (Embarque),-23.00127408294008,-43.365286095561984,POINT (-43.36528609556198 -23.00127408294008)
287,287,4128BC0003U1,B0053AAFAAVDU01,,,2,,2022-03-31,Via Parque,-22.983970000000003,-43.36567,POINT (-43.36567 -22.98397)
288,288,4128BC0004U1,B0053AAFAAVDU01,,,3,,2022-03-31,Rio 2,-22.97319,-43.38326,POINT (-43.38326 -22.97319)
289,289,4115BL0001U1,B0053AAFAAVDU01,,,4,,2022-03-31,Morro do Outeiro,-22.97146,-43.4013,POINT (-43.4013 -22.97146)
290,290,5137BL0001U1,B0053AAFAAVDU01,,,5,,2022-03-31,Marechal Fontenelle,-22.88685,-43.40081,POINT (-43.40081 -22.88685)
291,291,5135BL0046P1,B0053AAFAAVDU01,,,6,,2022-03-31,Terminal Sulacap :: Plataforma BRT,-22.884539999999998,-43.39993,POINT (-43.39993 -22.88454)
292,292,4128BO0010P2,B0053AAFAAVDU01,00:00:00,00:00:00,1,0.0,2022-04-01,Terminal Alvorada :: Plataforma B (Embarque),-23.00127408294008,-43.365286095561984,POINT (-43.36528609556198 -23.00127408294008)
293,293,4128BO0010P2,B0053AAFAAVDU01,00:00:00,00:00:00,1,0.0,2022-04-01,Terminal Alvorada :: Plataforma B (Embarque),-23.00127408294008,-43.365286095561984,POINT (-43.36528609556198 -23.00127408294008)
294,294,4128BC0003U1,B0053AAFAAVDU01,,,2,,2022-04-01,Via Parque,-22.983970000000003,-43.36567,POINT (-43.36567 -22.98397)
295,295,4128BC0004U1,B0053AAFAAVDU01,,,3,,2022-04-01,Rio 2,-22.97319,-43.38326,POINT (-43.38326 -22.97319)
296,296,4115BL0001U1,B0053AAFAAVDU01,,,4,,2022-04-01,Morro do Outeiro,-22.97146,-43.4013,POINT (-43.4013 -22.97146)
297,297,5137BL0001U1,B0053AAFAAVDU01,,,5,,2022-04-01,Marechal Fontenelle,-22.88685,-43.40081,POINT (-43.40081 -22.88685)
298,298,5135BL0046P1,B0053AAFAAVDU01,,,6,,2022-04-01,Terminal Sulacap :: Plataforma BRT,-22.884539999999998,-43.39993,POINT (-43.39993 -22.88454)
299,299,4128BO0010P2,B0053AAFAAVDU01,00:00:00,00:00:00,1,0.0,2022-04-02,Terminal Alvorada :: Plataforma B (Embarque),-23.00127408294008,-43.365286095561984,POINT (-43.36528609556198 -23.00127408294008)
300,300,4128BO0010P2,B0053AAFAAVDU01,00:00:00,00:00:00,1,0.0,2022-04-02,Terminal Alvorada :: Plataforma B (Embarque),-23.00127408294008,-43.365286095561984,POINT (-43.36528609556198 -23.00127408294008)
301,301,4128BC0003U1,B0053AAFAAVDU01,,,2,,2022-04-02,Via Parque,-22.983970000000003,-43.36567,POINT (-43.36567 -22.98397)
302,302,4128BC0004U1,B0053AAFAAVDU01,,,3,,2022-04-02,Rio 2,-22.97319,-43.38326,POINT (-43.38326 -22.97319)
303,303,4115BL0001U1,B0053AAFAAVDU01,,,4,,2022-04-02,Morro do Outeiro,-22.97146,-43.4013,POINT (-43.4013 -22.97146)
304,304,5137BL0001U1,B0053AAFAAVDU01,,,5,,2022-04-02,Marechal Fontenelle,-22.88685,-43.40081,POINT (-43.40081 -22.88685)
305,305,5135BL0046P1,B0053AAFAAVDU01,,,6,,2022-04-02,Terminal Sulacap :: Plataforma BRT,-22.884539999999998,-43.39993,POINT (-43.39993 -22.88454)
306,306,4128BO0010P2,B0053AAFAAVDU01,00:00:00,00:00:00,1,0.0,2022-04-03,Terminal Alvorada :: Plataforma B (Embarque),-23.00127408294008,-43.365286095561984,POINT (-43.36528609556198 -23.00127408294008)
307,307,4128BO0010P2,B0053AAFAAVDU01,00:00:00,00:00:00,1,0.0,2022-04-03,Terminal Alvorada :: Plataforma B (Embarque),-23.00127408294008,-43.365286095561984,POINT (-43.36528609556198 -23.00127408294008)
308,308,4128BC0003U1,B0053AAFAAVDU01,,,2,,2022-04-03,Via Parque,-22.983970000000003,-43.36567,POINT (-43.36567 -22.98397)
309,309,4128BC0004U1,B0053AAFAAVDU01,,,3,,2022-04-03,Rio 2,-22.97319,-43.38326,POINT (-43.38326 -22.97319)
310,310,4115BL0001U1,B0053AAFAAVDU01,,,4,,2022-04-03,Morro do Outeiro,-22.97146,-43.4013,POINT (-43.4013 -22.97146)
311,311,5137BL0001U1,B0053AAFAAVDU01,,,5,,2022-04-03,Marechal Fontenelle,-22.88685,-43.40081,POINT (-43.40081 -22.88685)
312,312,5135BL0046P1,B0053AAFAAVDU01,,,6,,2022-04-03,Terminal Sulacap :: Plataforma BRT,-22.884539999999998,-43.39993,POINT (-43.39993 -22.88454)
313,313,4128BO0010P2,B0053AAFAAVDU01,00:00:00,00:00:00,1,0.0,2022-04-04,Terminal Alvorada :: Plataforma B (Embarque),-23.00127408294008,-43.365286095561984,POINT (-43.36528609556198 -23.00127408294008)
314,314,4128BO0010P2,B0053AAFAAVDU01,00:00:00,00:00:00,1,0.0,2022-04-04,Terminal Alvorada :: Plataforma B (Embarque),-23.00127408294008,-43.365286095561984,POINT (-43.36528609556198 -23.00127408294008)
315,315,4128BC0003U1,B0053AAFAAVDU01,,,2,,2022-04-04,Via Parque,-22.983970000000003,-43.36567,POINT (-43.36567 -22.98397)
316,316,4128BC0004U1,B0053AAFAAVDU01,,,3,,2022-04-04,Rio 2,-22.97319,-43.38326,POINT (-43.38326 -22.97319)
317,317,4115BL0001U1,B0053AAFAAVDU01,,,4,,2022-04-04,Morro do Outeiro,-22.97146,-43.4013,POINT (-43.4013 -22.97146)
318,318,5137BL0001U1,B0053AAFAAVDU01,,,5,,2022-04-04,Marechal Fontenelle,-22.88685,-43.40081,POINT (-43.40081 -22.88685)
319,319,5135BL0046P1,B0053AAFAAVDU01,,,6,,2022-04-04,Terminal Sulacap :: Plataforma BRT,-22.884539999999998,-43.39993,POINT (-43.39993 -22.88454)
320,320,4128BO0010P2,B0053AAFAAVDU01,00:00:00,00:00:00,1,0.0,2022-04-05,Terminal Alvorada :: Plataforma B (Embarque),-23.00127408294008,-43.365286095561984,POINT (-43.36528609556198 -23.00127408294008)
321,321,4128BO0010P2,B0053AAFAAVDU01,00:00:00,00:00:00,1,0.0,2022-04-05,Terminal Alvorada :: Plataforma B (Embarque),-23.00127408294008,-43.365286095561984,POINT (-43.36528609556198 -23.00127408294008)
322,322,4128BC0003U1,B0053AAFAAVDU01,,,2,,2022-04-05,Via Parque,-22.983970000000003,-43.36567,POINT (-43.36567 -22.98397)
323,323,4128BC0004U1,B0053AAFAAVDU01,,,3,,2022-04-05,Rio 2,-22.97319,-43.38326,POINT (-43.38326 -22.97319)
324,324,4115BL0001U1,B0053AAFAAVDU01,,,4,,2022-04-05,Morro do Outeiro,-22.97146,-43.4013,POINT (-43.4013 -22.97146)
325,325,5137BL0001U1,B0053AAFAAVDU01,,,5,,2022-04-05,Marechal Fontenelle,-22.88685,-43.40081,POINT (-43.40081 -22.88685)
326,326,5135BL0046P1,B0053AAFAAVDU01,,,6,,2022-04-05,Terminal Sulacap :: Plataforma BRT,-22.884539999999998,-43.39993,POINT (-43.39993 -22.88454)
327,327,4128BO0010P2,B0053AAFAAVDU01,00:00:00,00:00:00,1,0.0,2022-04-06,Terminal Alvorada :: Plataforma B (Embarque),-23.00127408294008,-43.365286095561984,POINT (-43.36528609556198 -23.00127408294008)
328,328,4128BO0010P2,B0053AAFAAVDU01,00:00:00,00:00:00,1,0.0,2022-04-06,Terminal Alvorada :: Plataforma B (Embarque),-23.00127408294008,-43.365286095561984,POINT (-43.36528609556198 -23.00127408294008)
329,329,4128BC0003U1,B0053AAFAAVDU01,,,2,,2022-04-06,Via Parque,-22.983970000000003,-43.36567,POINT (-43.36567 -22.98397)
330,330,4128BC0004U1,B0053AAFAAVDU01,,,3,,2022-04-06,Rio 2,-22.97319,-43.38326,POINT (-43.38326 -22.97319)
331,331,4115BL0001U1,B0053AAFAAVDU01,,,4,,2022-04-06,Morro do Outeiro,-22.97146,-43.4013,POINT (-43.4013 -22.97146)
332,332,5137BL0001U1,B0053AAFAAVDU01,,,5,,2022-04-06,Marechal Fontenelle,-22.88685,-43.40081,POINT (-43.40081 -22.88685)
333,333,5135BL0046P1,B0053AAFAAVDU01,,,6,,2022-04-06,Terminal Sulacap :: Plataforma BRT,-22.884539999999998,-43.39993,POINT (-43.39993 -22.88454)
334,334,4128BO0010P2,B0053AAFAAVDU01,00:00:00,00:00:00,1,0.0,2022-04-07,Terminal Alvorada :: Plataforma B (Embarque),-23.00127408294008,-43.365286095561984,POINT (-43.36528609556198 -23.00127408294008)
335,335,4128BO0010P2,B0053AAFAAVDU01,00:00:00,00:00:00,1,0.0,2022-04-07,Terminal Alvorada :: Plataforma B (Embarque),-23.00127408294008,-43.365286095561984,POINT (-43.36528609556198 -23.00127408294008)
336,336,4128BC0003U1,B0053AAFAAVDU01,,,2,,2022-04-07,Via Parque,-22.983970000000003,-43.36567,POINT (-43.36567 -22.98397)
337,337,4128BC0004U1,B0053AAFAAVDU01,,,3,,2022-04-07,Rio 2,-22.97319,-43.38326,POINT (-43.38326 -22.97319)
338,338,4115BL0001U1,B0053AAFAAVDU01,,,4,,2022-04-07,Morro do Outeiro,-22.97146,-43.4013,POINT (-43.4013 -22.97146)
339,339,5137BL0001U1,B0053AAFAAVDU01,,,5,,2022-04-07,Marechal Fontenelle,-22.88685,-43.40081,POINT (-43.40081 -22.88685)
340,340,5135BL0046P1,B0053AAFAAVDU01,,,6,,2022-04-07,Terminal Sulacap :: Plataforma BRT,-22.884539999999998,-43.39993,POINT (-43.39993 -22.88454)
341,341,4128BO0010P2,B0053AAFAAVDU01,00:00:00,00:00:00,1,0.0,2022-04-08,Terminal Alvorada :: Plataforma B (Embarque),-23.00127408294008,-43.365286095561984,POINT (-43.36528609556198 -23.00127408294008)
342,342,4128BO0010P2,B0053AAFAAVDU01,00:00:00,00:00:00,1,0.0,2022-04-08,Terminal Alvorada :: Plataforma B (Embarque),-23.00127408294008,-43.365286095561984,POINT (-43.36528609556198 -23.00127408294008)
343,343,4128BC0003U1,B0053AAFAAVDU01,,,2,,2022-04-08,Via Parque,-22.983970000000003,-43.36567,POINT (-43.36567 -22.98397)
344,344,4128BC0004U1,B0053AAFAAVDU01,,,3,,2022-04-08,Rio 2,-22.97319,-43.38326,POINT (-43.38326 -22.97319)
345,345,4115BL0001U1,B0053AAFAAVDU01,,,4,,2022-04-08,Morro do Outeiro,-22.97146,-43.4013,POINT (-43.4013 -22.97146)
346,346,5137BL0001U1,B0053AAFAAVDU01,,,5,,2022-04-08,Marechal Fontenelle,-22.88685,-43.40081,POINT (-43.40081 -22.88685)
347,347,5135BL0046P1,B0053AAFAAVDU01,,,6,,2022-04-08,Terminal Sulacap :: Plataforma BRT,-22.884539999999998,-43.39993,POINT (-43.39993 -22.88454)
348,348,4128BO0010P2,B0053AAFAAVDU01,00:00:00,00:00:00,1,0.0,2022-04-11,Terminal Alvorada :: Plataforma B (Embarque),-23.00127408294008,-43.365286095561984,POINT (-43.36528609556198 -23.00127408294008)
349,349,4128BO0010P2,B0053AAFAAVDU01,00:00:00,00:00:00,1,0.0,2022-04-11,Terminal Alvorada :: Plataforma B (Embarque),-23.00127408294008,-43.365286095561984,POINT (-43.36528609556198 -23.00127408294008)
350,350,4128BC0003U1,B0053AAFAAVDU01,,,2,,2022-04-11,Via Parque,-22.983970000000003,-43.36567,POINT (-43.36567 -22.98397)
351,351,4128BC0004U1,B0053AAFAAVDU01,,,3,,2022-04-11,Rio 2,-22.97319,-43.38326,POINT (-43.38326 -22.97319)
352,352,4115BL0001U1,B0053AAFAAVDU01,,,4,,2022-04-11,Morro do Outeiro,-22.97146,-43.4013,POINT (-43.4013 -22.97146)
353,353,5137BL0001U1,B0053AAFAAVDU01,,,5,,2022-04-11,Marechal Fontenelle,-22.88685,-43.40081,POINT (-43.40081 -22.88685)
354,354,5135BL0046P1,B0053AAFAAVDU01,,,6,,2022-04-11,Terminal Sulacap :: Plataforma BRT,-22.884539999999998,-43.39993,POINT (-43.39993 -22.88454)
355,355,4128BO0010P2,B0053AAFAAVDU01,00:00:00,00:00:00,1,0.0,2022-04-12,Terminal Alvorada :: Plataforma B (Embarque),-23.00127408294008,-43.365286095561984,POINT (-43.36528609556198 -23.00127408294008)
356,356,4128BO0010P2,B0053AAFAAVDU01,00:00:00,00:00:00,1,0.0,2022-04-12,Terminal Alvorada :: Plataforma B (Embarque),-23.00127408294008,-43.365286095561984,POINT (-43.36528609556198 -23.00127408294008)
357,357,4128BC0003U1,B0053AAFAAVDU01,,,2,,2022-04-12,Via Parque,-22.983970000000003,-43.36567,POINT (-43.36567 -22.98397)
358,358,4128BC0004U1,B0053AAFAAVDU01,,,3,,2022-04-12,Rio 2,-22.97319,-43.38326,POINT (-43.38326 -22.97319)
359,359,4115BL0001U1,B0053AAFAAVDU01,,,4,,2022-04-12,Morro do Outeiro,-22.97146,-43.4013,POINT (-43.4013 -22.97146)
360,360,5137BL0001U1,B0053AAFAAVDU01,,,5,,2022-04-12,Marechal Fontenelle,-22.88685,-43.40081,POINT (-43.40081 -22.88685)
361,361,5135BL0046P1,B0053AAFAAVDU01,,,6,,2022-04-12,Terminal Sulacap :: Plataforma BRT,-22.884539999999998,-43.39993,POINT (-43.39993 -22.88454)
362,362,4128BO0010P2,B0053AAFAAVDU01,00:00:00,00:00:00,1,0.0,2022-04-13,Terminal Alvorada :: Plataforma B (Embarque),-23.00127408294008,-43.365286095561984,POINT (-43.36528609556198 -23.00127408294008)
363,363,4128BO0010P2,B0053AAFAAVDU01,00:00:00,00:00:00,1,0.0,2022-04-13,Terminal Alvorada :: Plataforma B (Embarque),-23.00127408294008,-43.365286095561984,POINT (-43.36528609556198 -23.00127408294008)
364,364,4128BC0003U1,B0053AAFAAVDU01,,,2,,2022-04-13,Via Parque,-22.983970000000003,-43.36567,POINT (-43.36567 -22.98397)
365,365,4128BC0004U1,B0053AAFAAVDU01,,,3,,2022-04-13,Rio 2,-22.97319,-43.38326,POINT (-43.38326 -22.97319)
366,366,4115BL0001U1,B0053AAFAAVDU01,,,4,,2022-04-13,Morro do Outeiro,-22.97146,-43.4013,POINT (-43.4013 -22.97146)
367,367,5137BL0001U1,B0053AAFAAVDU01,,,5,,2022-04-13,Marechal Fontenelle,-22.88685,-43.40081,POINT (-43.40081 -22.88685)
368,368,5135BL0046P1,B0053AAFAAVDU01,,,6,,2022-04-13,Terminal Sulacap :: Plataforma BRT,-22.884539999999998,-43.39993,POINT (-43.39993 -22.88454)
369,369,4128BO0010P2,B0053AAFAAVDU01,00:00:00,00:00:00,1,0.0,2022-04-14,Terminal Alvorada :: Plataforma B (Embarque),-23.00127408294008,-43.365286095561984,POINT (-43.36528609556198 -23.00127408294008)
370,370,4128BO0010P2,B0053AAFAAVDU01,00:00:00,00:00:00,1,0.0,2022-04-14,Terminal Alvorada :: Plataforma B (Embarque),-23.00127408294008,-43.365286095561984,POINT (-43.36528609556198 -23.00127408294008)
371,371,4128BC0003U1,B0053AAFAAVDU01,,,2,,2022-04-14,Via Parque,-22.983970000000003,-43.36567,POINT (-43.36567 -22.98397)
372,372,4128BC0004U1,B0053AAFAAVDU01,,,3,,2022-04-14,Rio 2,-22.97319,-43.38326,POINT (-43.38326 -22.97319)
373,373,4115BL0001U1,B0053AAFAAVDU01,,,4,,2022-04-14,Morro do Outeiro,-22.97146,-43.4013,POINT (-43.4013 -22.97146)
374,374,5137BL0001U1,B0053AAFAAVDU01,,,5,,2022-04-14,Marechal Fontenelle,-22.88685,-43.40081,POINT (-43.40081 -22.88685)
375,375,5135BL0046P1,B0053AAFAAVDU01,,,6,,2022-04-14,Terminal Sulacap :: Plataforma BRT,-22.884539999999998,-43.39993,POINT (-43.39993 -22.88454)
376,376,4128BO0010P2,B0053AAFAAVDU01,00:00:00,00:00:00,1,0.0,2022-04-15,Terminal Alvorada :: Plataforma B (Embarque),-23.00127408294008,-43.365286095561984,POINT (-43.36528609556198 -23.00127408294008)
377,377,4128BO0010P2,B0053AAFAAVDU01,00:00:00,00:00:00,1,0.0,2022-04-15,Terminal Alvorada :: Plataforma B (Embarque),-23.00127408294008,-43.365286095561984,POINT (-43.36528609556198 -23.00127408294008)
378,378,4128BC0003U1,B0053AAFAAVDU01,,,2,,2022-04-15,Via Parque,-22.983970000000003,-43.36567,POINT (-43.36567 -22.98397)
379,379,4128BC0004U1,B0053AAFAAVDU01,,,3,,2022-04-15,Rio 2,-22.97319,-43.38326,POINT (-43.38326 -22.97319)
380,380,4115BL0001U1,B0053AAFAAVDU01,,,4,,2022-04-15,Morro do Outeiro,-22.97146,-43.4013,POINT (-43.4013 -22.97146)
381,381,5137BL0001U1,B0053AAFAAVDU01,,,5,,2022-04-15,Marechal Fontenelle,-22.88685,-43.40081,POINT (-43.40081 -22.88685)
382,382,5135BL0046P1,B0053AAFAAVDU01,,,6,,2022-04-15,Terminal Sulacap :: Plataforma BRT,-22.884539999999998,-43.39993,POINT (-43.39993 -22.88454)
383,383,4128BO0010P2,B0053AAFAAVDU01,00:00:00,00:00:00,1,0.0,2022-04-16,Terminal Alvorada :: Plataforma B (Embarque),-23.00127408294008,-43.365286095561984,POINT (-43.36528609556198 -23.00127408294008)
384,384,4128BO0010P2,B0053AAFAAVDU01,00:00:00,00:00:00,1,0.0,2022-04-16,Terminal Alvorada :: Plataforma B (Embarque),-23.00127408294008,-43.365286095561984,POINT (-43.36528609556198 -23.00127408294008)
385,385,4128BC0003U1,B0053AAFAAVDU01,,,2,,2022-04-16,Via Parque,-22.983970000000003,-43.36567,POINT (-43.36567 -22.98397)
386,386,4128BC0004U1,B0053AAFAAVDU01,,,3,,2022-04-16,Rio 2,-22.97319,-43.38326,POINT (-43.38326 -22.97319)
387,387,4115BL0001U1,B0053AAFAAVDU01,,,4,,2022-04-16,Morro do Outeiro,-22.97146,-43.4013,POINT (-43.4013 -22.97146)
388,388,5137BL0001U1,B0053AAFAAVDU01,,,5,,2022-04-16,Marechal Fontenelle,-22.88685,-43.40081,POINT (-43.40081 -22.88685)
389,389,5135BL0046P1,B0053AAFAAVDU01,,,6,,2022-04-16,Terminal Sulacap :: Plataforma BRT,-22.884539999999998,-43.39993,POINT (-43.39993 -22.88454)
