trip_id,arrival_time,departure_time,stop_id,shape_dist_traveled,stop_sequence,stop_headsign,timepoint,pickup_type,drop_off_type
B0010AAF0AIDU01,00:00:00,00:00:00,5149BO0001U1,0,1,,0,,
B0010AAF0AIDU01,00:03:02,00:03:02,5149BO0002U1,1096,2,,0,,
B0010AAF0AIDU01,00:04:50,00:04:50,5149BO0003U1,1740,3,,0,,
B0010AAF0AIDU01,00:06:24,00:06:24,5149BO0004U1,2308,4,,0,,
B0010AAF0AIDU01,00:09:00,00:09:00,5149BO0005U1,3241,5,,0,,
B0010AAF0AIDU01,00:10:25,00:10:25,5149BO0006U1,3751,6,,0,,
B0010AAF0AIDU01,00:15:47,00:15:47,5149BO0007U1,5683,7,,0,,
B0010AAF0AIDU01,00:20:26,00:20:26,5151BO0001U1,7360,8,,0,,
B0010AAF0AIDU01,00:28:00,00:28:00,5151BO0002U1,10080,9,,0,,
B0010AAF0AIDU01,00:39:19,00:39:19,5151BO0003X1,14156,10,,0,,
B0010AAF0AIDU01,01:12:03,01:12:03,4132BO0005X1,25941,11,,0,,
B0010AAF0AIDU01,01:20:26,01:20:26,4132BO0010X1,28959,12,,0,,
B0010AAF0AIDU01,01:25:13,01:25:13,4132BO0013X1,30681,13,,0,,
B0010AAF0AIDU01,01:48:28,01:48:28,4128B00225P0,39053,14,,0,,
B0010AAF0AVDU01,00:00:00,00:00:00,4128BO0010P1,0,1,,0,,
B0010AAF0AVDU01,00:23:26,00:23:26,4132BO0013X2,8437,2,,0,,
B0010AAF0AVDU01,00:28:13,00:28:13,4132BO0010X2,10159,3,,0,,
B0010AAF0AVDU01,00:36:36,00:36:36,4132BO0005X2,13181,4,,0,,
B0010AAF0AVDU01,01:09:33,01:09:33,5151BO0003U2,25038,5,,0,,
B0010AAF0AVDU01,01:20:40,01:20:40,5151BO0002U2,29042,6,,0,,
B0010AAF0AVDU01,01:28:12,01:28:12,5151BO0001U2,31754,7,,0,,
B0010AAF0AVDU01,01:32:51,01:32:51,5149BO0007U2,33427,8,,0,,
B0010AAF0AVDU01,01:38:12,01:38:12,5149BO0006U2,35357,9,,0,,
B0010AAF0AVDU01,01:39:35,01:39:35,5149BO0005U2,35855,10,,0,,
B0010AAF0AVDU01,01:42:33,01:42:33,5149BO0004U2,36920,11,,0,,
B0010AAF0AVDU01,01:44:07,01:44:07,5149BO0003U2,37483,12,,0,,
B0010AAF0AVDU01,01:45:54,01:45:54,5149BO0002U2,38127,13,,0,,
B0010AAF0AVDU01,01:47:43,01:47:43,5149BO0001U2,38783,14,,0,,
B0011AAB0AIDU01,00:00:00,00:00:00,5149BO0001U1,0,1,,0,,
B0011AAB0AIDU01,00:03:02,00:03:02,5149BO0002U1,1096,2,,0,,
B0011AAB0AIDU01,00:04:50,00:04:50,5149BO0003U1,1740,3,,0,,
B0011AAB0AIDU01,00:06:24,00:06:24,5149BO0004U1,2308,4,,0,,
B0011AAB0AIDU01,00:09:00,00:09:00,5149BO0005U1,3241,5,,0,,
B0011AAB0AIDU01,00:10:25,00:10:25,5149BO0006U1,3751,6,,0,,
B0011AAB0AIDU01,00:15:47,00:15:47,5149BO0007U1,5683,7,,0,,
B0011AAB0AIDU01,00:20:26,00:20:26,5151BO0001U1,7360,8,,0,,
B0011AAB0AIDU01,00:28:00,00:28:00,5151BO0002U1,10080,9,,0,,
B0011AAB0AIDU01,00:39:19,00:39:19,5151BO0003X1,14156,10,,0,,
B0011AAB0AIDU01,00:50:51,00:50:51,5151BO0005U1,18308,11,,0,,
B0011AAB0AIDU01,00:56:22,00:56:22,5151BO0006U1,20294,12,,0,,
B0011AAB0AIDU01,01:03:46,01:03:46,4131BO0085U2,22959,13,,0,,
B0011AAB0AIDU01,01:05:52,01:05:52,4131BO0088U2,23713,14,,0,,
B0011AAB0AIDU01,01:08:26,01:08:26,4132BO0003U1,24641,15,,0,,
B0011AAB0AIDU01,01:09:29,01:09:29,4132BO0004U1,25014,16,,0,,
B0011AAB0AIDU01,01:12:18,01:12:18,4132BO0005U1,26033,17,,0,,
B0011AAB0AIDU01,01:13:35,01:13:35,4132BO0006U1,26492,18,,0,,
B0011AAB0AIDU01,01:15:16,01:15:16,4132BO0007U1,27098,19,,0,,
B0011AAB0AIDU01,01:16:53,01:16:53,4132BO0008U1,27683,20,,0,,
B0011AAB0AIDU01,01:18:18,01:18:18,4132BO0009U1,28189,21,,0,,
B0011AAB0AIDU01,01:20:44,01:20:44,4132BO0010U1,29067,22,,0,,
B0011AAB0AIDU01,01:22:28,01:22:28,4132BO0011U1,29688,23,,0,,
B0011AAB0AIDU01,01:23:38,01:23:38,4132BO0012U1,30112,24,,0,,
B0011AAB0AIDU01,01:25:32,01:25:32,4132BO0013U1,30792,25,,0,,
B0011AAB0AIDU01,01:28:35,01:28:35,4128BO0001U1,31895,26,,0,,
B0011AAB0AIDU01,01:30:59,01:30:59,4128BO0002U1,32755,27,,0,,
B0011AAB0AIDU01,01:32:57,01:32:57,4128BO0003U1,33467,28,,0,,
B0011AAB0AIDU01,01:34:28,01:34:28,4128BO0004U1,34012,29,,0,,
B0011AAB0AIDU01,01:36:00,01:36:00,4128BO0005U1,34560,30,,0,,
B0011AAB0AIDU01,01:38:24,01:38:24,4128BO0212U2,35427,31,,0,,
B0011AAB0AIDU01,01:40:56,01:40:56,4128BO0216U2,36339,32,,0,,
B0011AAB0AIDU01,01:42:49,01:42:49,4128BO0218U2,37019,33,,0,,
B0011AAB0AIDU01,01:44:28,01:44:28,4128BO0221U2,37609,34,,0,,
B0011AAB0AIDU01,01:48:35,01:48:35,4128B00225P0,39094,35,,0,,
B0011AAB0AVDU01,00:00:00,00:00:00,4128BO0010P1,0,1,,0,,
B0011AAB0AVDU01,00:04:24,00:04:24,4128BO0222U1,1586,2,,0,,
B0011AAB0AVDU01,00:06:03,00:06:03,4128BO0219U1,2181,3,,0,,
B0011AAB0AVDU01,00:07:54,00:07:54,4128BO0215U1,2846,4,,0,,
B0011AAB0AVDU01,00:10:20,00:10:20,4128BO0211U1,3723,5,,0,,
B0011AAB0AVDU01,00:12:44,00:12:44,4128BO0005U2,4585,6,,0,,
B0011AAB0AVDU01,00:14:15,00:14:15,4128BO0004U2,5133,7,,0,,
B0011AAB0AVDU01,00:15:47,00:15:47,4128BO0003C1,5684,8,,0,,
B0011AAB0AVDU01,00:17:46,00:17:46,4128BO0002U2,6396,9,,0,,
B0011AAB0AVDU01,00:20:09,00:20:09,4128BO0001U2,7255,10,,0,,
B0011AAB0AVDU01,00:23:13,00:23:13,4132BO0013U2,8358,11,,0,,
B0011AAB0AVDU01,00:25:06,00:25:06,4132BO0012U2,9039,12,,0,,
B0011AAB0AVDU01,00:26:17,00:26:17,4132BO0011U2,9462,13,,0,,
B0011AAB0AVDU01,00:28:00,00:28:00,4132BO0010U2,10082,14,,0,,
B0011AAB0AVDU01,00:30:26,00:30:26,4132BO0009U2,10958,15,,0,,
B0011AAB0AVDU01,00:31:52,00:31:52,4132BO0008U2,11476,16,,0,,
B0011AAB0AVDU01,00:33:27,00:33:27,4132BO0007U2,12047,17,,0,,
B0011AAB0AVDU01,00:35:08,00:35:08,4132BO0006U2,12651,18,,0,,
B0011AAB0AVDU01,00:36:24,00:36:24,4132BO0005U2,13109,19,,0,,
B0011AAB0AVDU01,00:39:13,00:39:13,4131BO0004U1,14121,20,,0,,
B0011AAB0AVDU01,00:40:14,00:40:14,4132BO0003U2,14485,21,,0,,
B0011AAB0AVDU01,00:42:55,00:42:55,4131BO0087U1,15455,22,,0,,
B0011AAB0AVDU01,00:45:01,00:45:01,4131BO0086U1,16210,23,,0,,
B0011AAB0AVDU01,00:52:20,00:52:20,5151BO0006U2,18845,24,,0,,
B0011AAB0AVDU01,00:57:51,00:57:51,5151BO0005U2,20829,25,,0,,
B0011AAB0AVDU01,01:09:22,01:09:22,5151BO0003X2,24977,26,,0,,
B0011AAB0AVDU01,01:20:43,01:20:43,5151BO0002U2,29061,27,,0,,
B0011AAB0AVDU01,01:28:15,01:28:15,5151BO0001U2,31773,28,,0,,
B0011AAB0AVDU01,01:32:54,01:32:54,5149BO0007U2,33446,29,,0,,
B0011AAB0AVDU01,01:38:16,01:38:16,5149BO0006U2,35376,30,,0,,
B0011AAB0AVDU01,01:39:39,01:39:39,5149BO0005U2,35875,31,,0,,
B0011AAB0AVDU01,01:42:36,01:42:36,5149BO0004U2,36940,32,,0,,
B0011AAB0AVDU01,01:44:10,01:44:10,5149BO0003U2,37503,33,,0,,
B0011AAB0AVDU01,01:45:57,01:45:57,5149BO0002U2,38147,34,,0,,
B0011AAB0AVDU01,01:47:47,01:47:47,5149BO0001U2,38802,35,,0,,
B0012AAF0AIDU01,00:00:00,00:00:00,5151BO0001U1,0,1,,0,,
B0012AAF0AIDU01,00:07:33,00:07:33,5151BO0002U1,2719,2,,0,,
B0012AAF0AIDU01,00:18:52,00:18:52,5151BO0003X1,6795,3,,0,,
B0012AAF0AIDU01,00:51:36,00:51:36,4132BO0005X1,18580,4,,0,,
B0012AAF0AIDU01,00:59:59,00:59:59,4132BO0010X1,21598,5,,0,,
B0012AAF0AIDU01,01:05:01,01:05:01,4132BO0013U1,23411,6,,0,,
B0012AAF0AIDU01,01:28:02,01:28:02,4128B00225P0,31692,7,,0,,
B0012AAF0AVDU01,00:00:00,00:00:00,4128BO0010P1,0,1,,0,,
B0012AAF0AVDU01,00:23:26,00:23:26,4132BO0013X2,8437,2,,0,,
B0012AAF0AVDU01,00:28:13,00:28:13,4132BO0010X2,10158,3,,0,,
B0012AAF0AVDU01,00:36:36,00:36:36,4132BO0005X2,13181,4,,0,,
B0012AAF0AVDU01,01:09:34,01:09:34,5151BO0003U2,25044,5,,0,,
B0012AAF0AVDU01,01:20:41,01:20:41,5151BO0002U2,29048,6,,0,,
B0012AAF0AVDU01,01:28:13,01:28:13,5151BO0001U2,31760,7,,0,,
B0013AAF0AIDU01,00:00:00,00:00:00,5151BO0003X1,0,1,,0,,
B0013AAF0AIDU01,00:17:02,00:17:02,5151BO0006U1,6134,2,,0,,
B0013AAF0AIDU01,00:32:44,00:32:44,4132BO0005X1,11784,3,,0,,
B0013AAF0AIDU01,00:41:07,00:41:07,4132BO0010X1,14802,4,,0,,
B0013AAF0AIDU01,00:46:09,00:46:09,4132BO0013U1,16615,5,,0,,
B0013AAF0AIDU01,01:09:09,01:09:09,4128B00225P0,24898,6,,0,,
B0013AAF0AVDU01,00:00:00,00:00:00,4128BO0010P1,0,1,,0,,
B0013AAF0AVDU01,00:23:26,00:23:26,4132BO0013X2,8437,2,,0,,
B0013AAF0AVDU01,00:28:13,00:28:13,4132BO0010X2,10159,3,,0,,
B0013AAF0AVDU01,00:36:36,00:36:36,4132BO0005X2,13181,4,,0,,
B0013AAF0AVDU01,00:52:17,00:52:17,5151BO0006U2,18827,5,,0,,
B0013AAF0AVDU01,01:09:32,01:09:32,5151BO0003U2,25037,6,,0,,
B0014AAF0AIDU01,00:00:00,00:00:00,5148BM0002U2,0,1,,0,,
B0014AAF0AIDU01,00:01:51,00:01:51,5148BM0003U2,666,2,,0,,
B0014AAF0AIDU01,00:03:17,00:03:17,5148BM0004U2,1184,3,,0,,
B0014AAF0AIDU01,00:05:44,00:05:44,5149BM0001U2,2065,4,,0,,
B0014AAF0AIDU01,00:07:12,00:07:12,5149BM0002U2,2596,5,,0,,
B0014AAF0AIDU01,00:08:41,00:08:41,5149BM0003U2,3128,6,,0,,
B0014AAF0AIDU01,00:10:07,00:10:07,5149BM0004U2,3647,7,,0,,
B0014AAF0AIDU01,00:11:12,00:11:12,5149BM0005U2,4033,8,,0,,
B0014AAF0AIDU01,00:12:03,00:12:03,5149BO0005U1,4338,9,,0,,
B0014AAF0AIDU01,01:23:29,01:23:29,4132BO0010X1,30056,10,,0,,
B0014AAF0AIDU01,01:28:16,01:28:16,4132BO0013X1,31776,11,,0,,
B0014AAF0AVDU01,00:00:00,00:00:00,4132BO0013U2,0,1,,0,,
B0014AAF0AVDU01,00:04:47,00:04:47,4132BO0010U2,1722,2,,0,,
B0014AAF0AVDU01,01:16:24,01:16:24,5149BO0005U2,27508,3,,0,,
B0014AAF0AVDU01,01:17:11,01:17:11,5149BM0005U1,27786,4,,0,,
B0014AAF0AVDU01,01:18:15,01:18:15,5149BM0004U1,28171,5,,0,,
B0014AAF0AVDU01,01:19:41,01:19:41,5149BM0003U1,28690,6,,0,,
B0014AAF0AVDU01,01:21:10,01:21:10,5149BM0002U1,29223,7,,0,,
B0014AAF0AVDU01,01:22:39,01:22:39,5149BM0001U1,29756,8,,0,,
B0014AAF0AVDU01,01:25:05,01:25:05,5148BM0004U1,30635,9,,0,,
B0014AAF0AVDU01,01:26:32,01:26:32,5148BM0003U1,31156,10,,0,,
B0014AAF0AVDU01,01:28:23,01:28:23,5148BM0002U1,31819,11,,0,,
B0015AAB0AIDU01,00:00:00,00:00:00,5151BO0001U1,0,1,,0,,
B0015AAB0AIDU01,00:07:26,00:07:26,5151BO0002U1,2681,2,,0,,
B0015AAB0AIDU01,00:18:46,00:18:46,5151BO0003X1,6758,3,,0,,
B0015AAB0AIDU01,00:30:18,00:30:18,5151BO0005U1,10908,4,,0,,
B0015AAB0AIDU01,00:35:48,00:35:48,5151BO0006U1,12893,5,,0,,
B0015AAB0AIDU01,00:43:12,00:43:12,4131BO0085U2,15557,6,,0,,
B0015AAB0AIDU01,00:45:18,00:45:18,4131BO0088U2,16311,7,,0,,
B0015AAB0AIDU01,00:47:53,00:47:53,4132BO0003U1,17238,8,,0,,
B0015AAB0AIDU01,00:48:55,00:48:55,4132BO0004U1,17610,9,,0,,
B0015AAB0AIDU01,00:51:44,00:51:44,4132BO0005U1,18628,10,,0,,
B0015AAB0AVDU01,00:00:00,00:00:00,4132BO0005U2,0,1,,0,,
B0015AAB0AVDU01,00:02:43,00:02:43,4131BO0004U1,983,2,,0,,
B0015AAB0AVDU01,00:03:44,00:03:44,4132BO0003U2,1347,3,,0,,
B0015AAB0AVDU01,00:06:26,00:06:26,4131BO0087U1,2316,4,,0,,
B0015AAB0AVDU01,00:08:31,00:08:31,4131BO0086U1,3070,5,,0,,
B0015AAB0AVDU01,00:15:50,00:15:50,5151BO0006U2,5704,6,,0,,
B0015AAB0AVDU01,00:21:21,00:21:21,5151BO0005U2,7688,7,,0,,
B0015AAB0AVDU01,00:32:52,00:32:52,5151BO0003X2,11834,8,,0,,
B0015AAB0AVDU01,00:44:13,00:44:13,5151BO0002U2,15918,9,,0,,
B0015AAB0AVDU01,00:51:45,00:51:45,5151BO0001U2,18630,10,,0,,
B0017AAB0AIDU01,00:00:00,00:00:00,5149BO0001U2,0,1,,0,,
B0017AAB0AIDU01,00:03:18,00:03:18,5149BO0002U1,1191,2,,0,,
B0017AAB0AIDU01,00:05:06,00:05:06,5149BO0003U1,1836,3,,0,,
B0017AAB0AIDU01,00:06:40,00:06:40,5149BO0004U1,2404,4,,0,,
B0017AAB0AIDU01,00:09:48,00:09:48,5149BM0005U1,3530,5,,0,,
B0017AAB0AIDU01,00:10:52,00:10:52,5149BM0004U1,3915,6,,0,,
B0017AAB0AIDU01,00:12:19,00:12:19,5149BM0003U1,4435,7,,0,,
B0017AAB0AIDU01,00:13:47,00:13:47,5149BM0002U1,4967,8,,0,,
B0017AAB0AIDU01,00:15:16,00:15:16,5149BM0001U1,5501,9,,0,,
B0017AAB0AIDU01,00:17:43,00:17:43,5148BM0004U1,6379,10,,0,,
B0017AAB0AIDU01,00:19:10,00:19:10,5148BM0003U1,6900,11,,0,,
B0017AAB0AIDU01,00:21:00,00:21:00,5148BM0002U1,7564,12,,0,,
B0017AAB0AIDU01,00:22:27,00:22:27,5148BM0001U1,8086,13,,0,,
B0017AAB0AIDU01,00:24:06,00:24:06,5147BM0002U1,8676,14,,0,,
B0017AAB0AIDU01,00:25:57,00:25:57,5147BM0001U1,9346,15,,0,,
B0017AAB0AIDU01,00:28:58,00:28:58,5146BM0005U1,10428,16,,0,,
B0017AAB0AIDU01,00:30:17,00:30:17,5146BM0004U1,10907,17,,0,,
B0017AAB0AIDU01,00:31:55,00:31:55,5146BM0003U1,11492,18,,0,,
B0017AAB0AIDU01,00:33:45,00:33:45,5146BM0002U1,12151,19,,0,,
B0017AAB0AIDU01,00:35:23,00:35:23,5146BM0001U1,12738,20,,0,,
B0017AAB0AIDU01,00:38:03,00:38:03,5144BM0004U1,13701,21,,0,,
B0017AAB0AIDU01,00:39:16,00:39:16,5144BM0005U1,14141,22,,0,,
B0017AAB0AIDU01,00:41:29,00:41:29,5144BM0006U1,14936,23,,0,,
B0017AAB0AIDU01,00:45:32,00:45:32,5144BM0001U1,16396,24,,0,,
B0017AAB0AVDU01,00:00:00,00:00:00,5144BM0001U2,0,1,,0,,
B0017AAB0AVDU01,00:03:48,00:03:48,5144BM0002U2,1370,2,,0,,
B0017AAB0AVDU01,00:07:06,00:07:06,5144BM0004U2,2561,3,,0,,
B0017AAB0AVDU01,00:09:47,00:09:47,5146BM0001U2,3522,4,,0,,
B0017AAB0AVDU01,00:11:25,00:11:25,5146BM0002U2,4110,5,,0,,
B0017AAB0AVDU01,00:13:14,00:13:14,5146BM0003U2,4768,6,,0,,
B0017AAB0AVDU01,00:14:52,00:14:52,5146BM0004U2,5353,7,,0,,
B0017AAB0AVDU01,00:16:11,00:16:11,5146BM0005U2,5831,8,,0,,
B0017AAB0AVDU01,00:19:12,00:19:12,5147BM0001U2,6914,9,,0,,
B0017AAB0AVDU01,00:21:04,00:21:04,5147BM0002U2,7586,10,,0,,
B0017AAB0AVDU01,00:22:42,00:22:42,5148BM0001U2,8175,11,,0,,
B0017AAB0AVDU01,00:24:09,00:24:09,5148BM0002U2,8696,12,,0,,
B0017AAB0AVDU01,00:26:00,00:26:00,5148BM0003U2,9363,13,,0,,
B0017AAB0AVDU01,00:27:26,00:27:26,5148BM0004U2,9881,14,,0,,
B0017AAB0AVDU01,00:29:53,00:29:53,5149BM0001U2,10762,15,,0,,
B0017AAB0AVDU01,00:31:22,00:31:22,5149BM0002U2,11292,16,,0,,
B0017AAB0AVDU01,00:32:50,00:32:50,5149BM0003U2,11824,17,,0,,
B0017AAB0AVDU01,00:34:17,00:34:17,5149BM0004U2,12344,18,,0,,
B0017AAB0AVDU01,00:35:21,00:35:21,5149BM0005U2,12730,19,,0,,
B0017AAB0AVDU01,00:38:19,00:38:19,5149BO0004U2,13796,20,,0,,
B0017AAB0AVDU01,00:39:53,00:39:53,5149BO0003U2,14359,21,,0,,
B0017AAB0AVDU01,00:41:40,00:41:40,5149BO0002U2,15003,22,,0,,
B0017AAB0AVDU01,00:43:29,00:43:29,5149BO0001U2,15657,23,,0,,
B0018AAF0AIDU01,00:00:00,00:00:00,4132BO0003U1,0,1,,0,,
B0018AAF0AIDU01,00:03:33,00:03:33,4132BO0005X1,1279,2,,0,,
B0018AAF0AIDU01,00:06:44,00:06:44,4132BO0007U1,2424,3,,0,,
B0018AAF0AIDU01,00:08:21,00:08:21,4132BO0008U1,3009,4,,0,,
B0018AAF0AIDU01,00:11:56,00:11:56,4132BO0010X1,4300,5,,0,,
B0018AAF0AIDU01,00:16:58,00:16:58,4132BO0013U1,6113,6,,0,,
B0018AAF0AIDU01,00:32:20,00:32:20,4128BO0216U2,11643,7,,0,,
B0018AAF0AIDU01,00:34:13,00:34:13,4128BO0218U2,12322,8,,0,,
B0018AAF0AIDU01,00:40:25,00:40:25,4128BO0011U1,14553,9,,0,,
B0018AAF0AIDU01,00:42:56,00:42:56,4128BO0013U1,15458,10,,0,,
B0018AAF0AIDU01,00:51:30,00:51:30,4128BO0018X1,18542,11,,0,,
B0018AAF0AIDU01,00:54:41,00:54:41,4128BO0019P1,19689,12,,0,,
B0018AAF0AVDU01,00:00:00,00:00:00,4128BO0019P2,0,1,,0,,
B0018AAF0AVDU01,00:03:08,00:03:08,4128BO0018X2,1131,2,,0,,
B0018AAF0AVDU01,00:11:43,00:11:43,4128BO0176U2,4221,3,,0,,
B0018AAF0AVDU01,00:14:14,00:14:14,4128BO0011U2,5128,4,,0,,
B0018AAF0AVDU01,00:20:33,00:20:33,4128BO0219U1,7403,5,,0,,
B0018AAF0AVDU01,00:22:24,00:22:24,4128BO0215U1,8067,6,,0,,
B0018AAF0AVDU01,00:37:57,00:37:57,4132BO0013X2,13662,7,,0,,
B0018AAF0AVDU01,00:42:43,00:42:43,4132BO0010X2,15383,8,,0,,
B0018AAF0AVDU01,00:46:21,00:46:21,4132BO0008U2,16688,9,,0,,
B0018AAF0AVDU01,00:47:56,00:47:56,4132BO0007U2,17259,10,,0,,
B0018AAF0AVDU01,00:51:07,00:51:07,4132BO0005X2,18407,11,,0,,
B0018AAF0AVDU01,00:54:42,00:54:42,4132BO0003U2,19696,12,,0,,
B0019AAF0AIDU01,00:00:00,00:00:00,5151BO0001U1,0,1,,0,,
B0019AAF0AIDU01,00:07:33,00:07:33,5151BO0002U1,2719,2,,0,,
B0019AAF0AIDU01,00:18:52,00:18:52,5151BO0003X1,6795,3,,0,,
B0019AAF0AIDU01,00:51:36,00:51:36,4132BO0005X1,18580,4,,0,,
B0019AAF0AIDU01,00:59:59,00:59:59,4132BO0010X1,21598,5,,0,,
B0019AAF0AIDU01,01:04:46,01:04:46,4132BO0013X1,23319,6,,0,,
B0019AAF0AVDU01,00:00:00,00:00:00,4132BO0013X2,89,1,,0,,
B0019AAF0AVDU01,00:04:46,00:04:46,4132BO0010X2,1810,2,,0,,
B0019AAF0AVDU01,00:13:10,00:13:10,4132BO0005X2,4833,3,,0,,
B0019AAF0AVDU01,00:46:06,00:46:06,5151BO0003U2,16689,4,,0,,
B0019AAF0AVDU01,00:57:14,00:57:14,5151BO0002U2,20693,5,,0,,
B0019AAF0AVDU01,01:04:46,01:04:46,5151BO0001U2,23405,6,,0,,
B0020AAF0AIDU01,00:00:00,00:00:00,5149BO0001U1,0,1,,0,,
B0020AAF0AIDU01,00:03:02,00:03:02,5149BO0002U1,1092,2,,0,,
B0020AAF0AIDU01,00:04:49,00:04:49,5149BO0003U1,1736,3,,0,,
B0020AAF0AIDU01,00:06:24,00:06:24,5149BO0004U1,2304,4,,0,,
B0020AAF0AIDU01,00:08:59,00:08:59,5149BO0005U1,3237,5,,0,,
B0020AAF0AIDU01,00:10:24,00:10:24,5149BO0006U1,3747,6,,0,,
B0020AAF0AIDU01,00:15:46,00:15:46,5149BO0007U1,5678,7,,0,,
B0020AAF0AIDU01,00:20:26,00:20:26,5151BO0001U1,7356,8,,0,,
B0020AAF0AIDU01,00:27:59,00:27:59,5151BO0002U1,10075,9,,0,,
B0020AAF0AIDU01,00:39:18,00:39:18,5151BO0003X1,14152,10,,0,,
B0020AAF0AIDU01,01:12:02,01:12:02,4132BO0005X1,25936,11,,0,,
B0020AAF0AIDU01,01:20:25,01:20:25,4132BO0010X1,28955,12,,0,,
B0020AAF0AIDU01,01:25:27,01:25:27,4132BO0013U1,30767,13,,0,,
B0020AAF0AVDU01,00:00:00,00:00:00,4132BO0013X2,89,1,,0,,
B0020AAF0AVDU01,00:04:46,00:04:46,4132BO0010X2,1810,2,,0,,
B0020AAF0AVDU01,00:13:10,00:13:10,4132BO0005X2,4833,3,,0,,
B0020AAF0AVDU01,00:46:06,00:46:06,5151BO0003U2,16690,4,,0,,
B0020AAF0AVDU01,00:57:14,00:57:14,5151BO0002U2,20693,5,,0,,
B0020AAF0AVDU01,01:04:46,01:04:46,5151BO0001U2,23405,6,,0,,
B0020AAF0AVDU01,01:09:24,01:09:24,5149BO0007U2,25078,7,,0,,
B0020AAF0AVDU01,01:14:46,01:14:46,5149BO0006U2,27008,8,,0,,
B0020AAF0AVDU01,01:16:09,01:16:09,5149BO0005U2,27507,9,,0,,
B0020AAF0AVDU01,01:19:07,01:19:07,5149BO0004U2,28572,10,,0,,
B0020AAF0AVDU01,01:20:41,01:20:41,5149BO0003U2,29135,11,,0,,
B0020AAF0AVDU01,01:22:28,01:22:28,5149BO0002U2,29779,12,,0,,
B0020AAF0AVDU01,01:24:17,01:24:17,5149BO0001U2,30434,13,,0,,
B0022AAB0AIDU01,00:00:00,00:00:00,4128BO0010P1,0,1,,0,,
B0022AAB0AIDU01,00:02:47,00:02:47,4128BO0011U1,1002,2,,0,,
B0022AAB0AIDU01,00:05:17,00:05:17,4128BO0013U1,1907,3,,0,,
B0022AAB0AIDU01,00:06:58,00:06:58,4128BO0014U1,2511,4,,0,,
B0022AAB0AIDU01,00:08:15,00:08:15,4128BO0015U1,2972,5,,0,,
B0022AAB0AIDU01,00:10:14,00:10:14,4128BO0016U1,3685,6,,0,,
B0022AAB0AIDU01,00:11:58,00:11:58,4128BO0017U1,4312,7,,0,,
B0022AAB0AIDU01,00:13:34,00:13:34,4128BO0018U1,4887,8,,0,,
B0022AAB0AIDU01,00:17:03,00:17:03,4128BO0019P1,6138,9,,0,,
B0022AAB0AVDU01,00:00:00,00:00:00,4128BO0019P2,0,1,,0,,
B0022AAB0AVDU01,00:03:25,00:03:25,4128BO0018U2,1235,2,,0,,
B0022AAB0AVDU01,00:05:01,00:05:01,4128BO0017U2,1810,3,,0,,
B0022AAB0AVDU01,00:06:47,00:06:47,4128BO0016U2,2443,4,,0,,
B0022AAB0AVDU01,00:08:44,00:08:44,4128BO0015U2,3149,5,,0,,
B0022AAB0AVDU01,00:10:02,00:10:02,4128BO0014U2,3612,6,,0,,
B0022AAB0AVDU01,00:11:43,00:11:43,4128BO0176U2,4222,7,,0,,
B0022AAB0AVDU01,00:13:49,00:13:49,4128BO0012X2,4974,8,,0,,
B0022AAB0AVDU01,00:17:01,00:17:01,4128B00225P0,6131,9,,0,,
B0025AABAAIDU01,00:00:00,00:00:00,5151BO0003X1,0,1,,0,,
B0025AABAAIDU01,00:11:31,00:11:31,5151BO0005U1,4150,2,,0,,
B0025AABAAIDU01,00:17:02,00:17:02,5151BO0006U1,6136,3,,0,,
B0025AABAAIDU01,00:24:26,00:24:26,4131BO0085U2,8801,4,,0,,
B0025AABAAIDU01,00:26:32,00:26:32,4131BO0088U2,9556,5,,0,,
B0025AABAAIDU01,00:29:07,00:29:07,4132BO0003U1,10484,6,,0,,
B0025AABAAIDU01,00:30:09,00:30:09,4132BO0004U1,10857,7,,0,,
B0025AABAAIDU01,00:32:59,00:32:59,4132BO0005U1,11876,8,,0,,
B0025AABAAIDU01,00:34:15,00:34:15,4132BO0006U1,12331,9,,0,,
B0025AABAAIDU01,00:35:55,00:35:55,4132BO0007U1,12934,10,,0,,
B0025AABAAIDU01,00:37:33,00:37:33,4132BO0008U1,13518,11,,0,,
B0025AABAAIDU01,00:38:56,00:38:56,4132BO0009U1,14021,12,,0,,
B0025AABAAIDU01,00:41:23,00:41:23,4132BO0010U1,14898,13,,0,,
B0025AABAAIDU01,00:43:06,00:43:06,4132BO0011U1,15518,14,,0,,
B0025AABAAIDU01,00:44:16,00:44:16,4132BO0012U1,15941,15,,0,,
B0025AABAAIDU01,00:46:10,00:46:10,4132BO0013U1,16621,16,,0,,
B0025AABAAIDU01,00:49:13,00:49:13,4128BO0001U1,17723,17,,0,,
B0025AABAAIDU01,00:51:36,00:51:36,4128BO0002U1,18581,18,,0,,
B0025AABAAIDU01,00:53:35,00:53:35,4128BO0003U1,19291,19,,0,,
B0025AABAAIDU01,00:55:05,00:55:05,4128BO0004U1,19831,20,,0,,
B0025AABAAIDU01,00:56:35,00:56:35,4128BO0005U1,20375,21,,0,,
B0025AABAAIDU01,00:58:59,00:58:59,4128BO0212U2,21239,22,,0,,
B0025AABAAIDU01,01:01:31,01:01:31,4128BO0216U2,22151,23,,0,,
B0025AABAAIDU01,01:03:24,01:03:24,4128BO0218U2,22828,24,,0,,
B0025AABAAIDU01,01:05:03,01:05:03,4128BO0221U2,23418,25,,0,,
B0025AABAAIDU01,01:09:10,01:09:10,4128B00225P0,24904,26,,0,,
B0025AABAAVDU01,00:00:00,00:00:00,4128BO0010P1,0,1,,0,,
B0025AABAAVDU01,00:04:19,00:04:19,4128BO0222U1,1558,2,,0,,
B0025AABAAVDU01,00:05:58,00:05:58,4128BO0219U1,2152,3,,0,,
B0025AABAAVDU01,00:07:49,00:07:49,4128BO0215U1,2817,4,,0,,
B0025AABAAVDU01,00:10:15,00:10:15,4128BO0211U1,3693,5,,0,,
B0025AABAAVDU01,00:12:39,00:12:39,4128BO0005U2,4555,6,,0,,
B0025AABAAVDU01,00:14:10,00:14:10,4128BO0004U2,5101,7,,0,,
B0025AABAAVDU01,00:15:42,00:15:42,4128BO0003C1,5652,8,,0,,
B0025AABAAVDU01,00:17:40,00:17:40,4128BO0002U2,6363,9,,0,,
B0025AABAAVDU01,00:20:03,00:20:03,4128BO0001U2,7220,10,,0,,
B0025AABAAVDU01,00:23:06,00:23:06,4132BO0013U2,8321,11,,0,,
B0025AABAAVDU01,00:25:00,00:25:00,4132BO0012U2,9003,12,,0,,
B0025AABAAVDU01,00:26:10,00:26:10,4132BO0011U2,9425,13,,0,,
B0025AABAAVDU01,00:27:54,00:27:54,4132BO0010U2,10044,14,,0,,
B0025AABAAVDU01,00:30:20,00:30:20,4132BO0009U2,10920,15,,0,,
B0025AABAAVDU01,00:31:46,00:31:46,4132BO0008U2,11438,16,,0,,
B0025AABAAVDU01,00:33:21,00:33:21,4132BO0007U2,12009,17,,0,,
B0025AABAAVDU01,00:35:02,00:35:02,4132BO0006U2,12613,18,,0,,
B0025AABAAVDU01,00:36:18,00:36:18,4132BO0005U2,13070,19,,0,,
B0025AABAAVDU01,00:39:07,00:39:07,4131BO0004U1,14082,20,,0,,
B0025AABAAVDU01,00:40:07,00:40:07,4132BO0003U2,14446,21,,0,,
B0025AABAAVDU01,00:42:49,00:42:49,4131BO0087U1,15416,22,,0,,
B0025AABAAVDU01,00:44:55,00:44:55,4131BO0086U1,16171,23,,0,,
B0025AABAAVDU01,00:52:14,00:52:14,5151BO0006U2,18805,24,,0,,
B0025AABAAVDU01,00:57:45,00:57:45,5151BO0005U2,20790,25,,0,,
B0025AABAAVDU01,01:09:16,01:09:16,5151BO0003X2,24937,26,,0,,
B0031AAG0AIDU01,00:00:00,00:00:00,3073BC0002U2,0,1,,0,,
B0031AAG0AIDU01,00:12:13,00:12:13,3083BC0003X2,4401,2,,0,,
B0031AAG0AIDU01,01:06:07,01:06:07,4128BO0226P2,23805,3,,0,,
B0031AAG0AVDU01,00:00:00,00:00:00,4128BO0010P2,0,1,,0,,
B0031AAG0AVDU01,00:54:53,00:54:53,3083BC0003X1,19760,2,,0,,
B0031AAG0AVDU01,01:06:56,01:06:56,3073BC0002U1,24100,3,,0,,
B0035AABAAIDU01,00:00:00,00:00:00,3083BC0002P2,0,1,,0,,
B0035AABAAIDU01,00:02:53,00:02:53,3083BC0001U2,1041,2,,0,,
B0035AABAAIDU01,00:05:10,00:05:10,3078BC0001U2,1862,3,,0,,
B0035AABAAIDU01,00:06:45,00:06:45,4124BC0003U2,2433,4,,0,,
B0035AABAAIDU01,00:08:41,00:08:41,4124BC0002U2,3131,5,,0,,
B0035AABAAIDU01,00:11:07,00:11:07,4124BC0001U2,4006,6,,0,,
B0035AABAAIDU01,00:14:53,00:14:53,4123BC0001U2,5358,7,,0,,
B0035AABAAIDU01,00:17:14,00:17:14,4122BC0298U1,6208,8,,0,,
B0035AABAAIDU01,00:19:32,00:19:32,4122BC0193U2,7033,9,,0,,
B0035AABAAIDU01,00:21:03,00:21:03,4122BC0004U2,7579,10,,0,,
B0035AABAAIDU01,00:22:53,00:22:53,4122BC0003U2,8243,11,,0,,
B0035AABAAIDU01,00:24:36,00:24:36,4122BC0001U2,8861,12,,0,,
B0035AABAAIDU01,00:26:59,00:26:59,4115BC0005U2,9719,13,,0,,
B0035AABAAIDU01,00:28:21,00:28:21,4115BC0004U2,10211,14,,0,,
B0035AABAAIDU01,00:29:37,00:29:37,4119BC0003U2,10664,15,,0,,
B0035AABAAIDU01,00:31:40,00:31:40,4119BC0002U2,11400,16,,0,,
B0035AABAAIDU01,00:33:15,00:33:15,4119BC0051U1,11973,17,,0,,
B0035AABAAIDU01,00:35:55,00:35:55,4115BC0242U1,12933,18,,0,,
B0035AABAAIDU01,00:38:56,00:38:56,4128BC0004U2,14020,19,,0,,
B0035AABAAIDU01,00:40:48,00:40:48,4115BC0002U2,14693,20,,0,,
B0035AABAAIDU01,00:43:57,00:43:57,4115BC0001U2,15826,21,,0,,
B0035AABAAIDU01,00:47:48,00:47:48,4128BC0003U2,17211,22,,0,,
B0035AABAAIDU01,00:49:22,00:49:22,4128BC0002U2,17772,23,,0,,
B0035AABAAIDU01,00:51:05,00:51:05,4128BC0001U2,18390,24,,0,,
B0035AABAAIDU01,00:53:52,00:53:52,4128BO0226P2,19392,25,,0,,
B0035AABAAIDU01,00:55:23,00:55:23,4128BO0010P1,19941,26,,0,,
B0035AABAAIDU01,00:58:11,00:58:11,4128BO0011U1,20948,27,,0,,
B0035AABAAIDU01,01:00:42,01:00:42,4128BO0013U1,21853,28,,0,,
B0035AABAAIDU01,01:02:23,01:02:23,4128BO0014U1,22458,29,,0,,
B0035AABAAIDU01,01:03:40,01:03:40,4128BO0015U1,22921,30,,0,,
B0035AABAAIDU01,01:05:39,01:05:39,4128BO0016U1,23637,31,,0,,
B0035AABAAIDU01,01:07:24,01:07:24,4128BO0017U1,24269,32,,0,,
B0035AABAAIDU01,01:09:00,01:09:00,4128BO0018U1,24844,33,,0,,
B0035AABAAIDU01,01:12:29,01:12:29,4128BO0019P1,26095,34,,0,,
B0035AABAAVDU01,00:00:00,00:00:00,4128BO0019P2,0,1,,0,,
B0035AABAAVDU01,00:03:08,00:03:08,4128BO0018U2,1132,2,,0,,
B0035AABAAVDU01,00:04:44,00:04:44,4128BO0017U2,1708,3,,0,,
B0035AABAAVDU01,00:06:30,00:06:30,4128BO0016U2,2342,4,,0,,
B0035AABAAVDU01,00:08:27,00:08:27,4128BO0015U2,3047,5,,0,,
B0035AABAAVDU01,00:09:45,00:09:45,4128BO0014U2,3511,6,,0,,
B0035AABAAVDU01,00:11:26,00:11:26,4128BO0176U2,4121,7,,0,,
B0035AABAAVDU01,00:13:32,00:13:32,4128BO0012X2,4874,8,,0,,
B0035AABAAVDU01,00:18:58,00:18:58,4128BO0010P2,6833,9,,0,,
B0035AABAAVDU01,00:22:50,00:22:50,4128BC0001U1,8223,10,,0,,
B0035AABAAVDU01,00:24:33,00:24:33,4128BC0002U1,8842,11,,0,,
B0035AABAAVDU01,00:26:07,00:26:07,4128BC0003U1,9402,12,,0,,
B0035AABAAVDU01,00:29:58,00:29:58,4115BC0001U1,10788,13,,0,,
B0035AABAAVDU01,00:33:06,00:33:06,4115BC0002U1,11918,14,,0,,
B0035AABAAVDU01,00:34:59,00:34:59,4128BC0004U1,12598,15,,0,,
B0035AABAAVDU01,00:38:05,00:38:05,4115BC0243U2,13710,16,,0,,
B0035AABAAVDU01,00:40:43,00:40:43,4119BC0052U2,14659,17,,0,,
B0035AABAAVDU01,00:42:12,00:42:12,4115BC0002U0,15194,18,,0,,
B0035AABAAVDU01,00:44:16,00:44:16,4119BC0003U1,15937,19,,0,,
B0035AABAAVDU01,00:45:31,00:45:31,4115BC0004U1,16388,20,,0,,
B0035AABAAVDU01,00:46:53,00:46:53,4115BC0005U1,16882,21,,0,,
B0035AABAAVDU01,00:49:16,00:49:16,4122BC0001U1,17741,22,,0,,
B0035AABAAVDU01,00:50:59,00:50:59,4122BC0003U1,18359,23,,0,,
B0035AABAAVDU01,00:52:50,00:52:50,4122BC0004U1,19022,24,,0,,
B0035AABAAVDU01,00:54:21,00:54:21,4122BC0196U1,19570,25,,0,,
B0035AABAAVDU01,00:56:43,00:56:43,4122BC0297U2,20423,26,,0,,
B0035AABAAVDU01,00:59:01,00:59:01,4123BC0001U1,21246,27,,0,,
B0035AABAAVDU01,01:02:45,01:02:45,4124BC0001U1,22593,28,,0,,
B0035AABAAVDU01,01:05:10,01:05:10,4124BC0002U1,23464,29,,0,,
B0035AABAAVDU01,01:07:07,01:07:07,4124BC0003U1,24162,30,,0,,
B0035AABAAVDU01,01:08:42,01:08:42,3078BC0001U1,24734,31,,0,,
B0035AABAAVDU01,01:10:59,01:10:59,3083BC0001U1,25557,32,,0,,
B0035AABAAVDU01,01:13:28,01:13:28,3083BC0002P1,26448,33,,0,,
B0038AAB0AIDU01,00:00:00,00:00:00,3104BC0001U2,0,1,,0,,
B0038AAB0AIDU01,00:04:11,00:04:11,3104BC0002U2,1507,2,,0,,
B0038AAB0AIDU01,00:17:52,00:17:52,3105BC0001P2,6435,3,,0,,
B0038AAB0AIDU01,00:21:27,00:21:27,3157BC0001U2,7727,4,,0,,
B0038AAB0AIDU01,00:25:45,00:25:45,3041BC0002U2,9270,5,,0,,
B0038AAB0AIDU01,00:27:28,00:27:28,3041BC0001U2,9890,6,,0,,
B0038AAB0AIDU01,00:30:58,00:30:58,3042BC0001U2,11151,7,,0,,
B0038AAB0AIDU01,00:33:49,00:33:49,3043BC0004U2,12176,8,,0,,
B0038AAB0AIDU01,00:35:07,00:35:07,3043BC0003U2,12644,9,,0,,
B0038AAB0AIDU01,00:37:30,00:37:30,3043BC0001U2,13500,10,,0,,
B0038AAB0AIDU01,00:39:28,00:39:28,3044BC0003U2,14209,11,,0,,
B0038AAB0AIDU01,00:41:00,00:41:00,3044BC0002U2,14765,12,,0,,
B0038AAB0AIDU01,00:42:22,00:42:22,3044BC0001U2,15253,13,,0,,
B0038AAB0AIDU01,00:46:06,00:46:06,3072BC0001U2,16597,14,,0,,
B0038AAB0AIDU01,00:47:37,00:47:37,3073BC0002U2,17145,15,,0,,
B0038AAB0AIDU01,00:50:06,00:50:06,3073BC0001U2,18039,16,,0,,
B0038AAB0AIDU01,00:52:39,00:52:39,3084BC0001U2,18954,17,,0,,
B0038AAB0AIDU01,00:54:24,00:54:24,3083BC0006U2,19584,18,,0,,
B0038AAB0AIDU01,00:56:13,00:56:13,3083BC0005U2,20240,19,,0,,
B0038AAB0AIDU01,00:57:38,00:57:38,3083BC0004U2,20748,20,,0,,
B0038AAB0AIDU01,01:00:12,01:00:12,3083BC0002P2,21677,21,,0,,
B0038AAB0AIDU01,01:02:46,01:02:46,3083BC0001U2,22596,22,,0,,
B0038AAB0AIDU01,01:05:02,01:05:02,3078BC0001U2,23417,23,,0,,
B0038AAB0AIDU01,01:06:38,01:06:38,4124BC0003U2,23988,24,,0,,
B0038AAB0AIDU01,01:08:34,01:08:34,4124BC0002U2,24686,25,,0,,
B0038AAB0AIDU01,01:11:00,01:11:00,4124BC0001U2,25561,26,,0,,
B0038AAB0AIDU01,01:14:45,01:14:45,4123BC0001U2,26913,27,,0,,
B0038AAB0AIDU01,01:17:07,01:17:07,4122BC0298U1,27763,28,,0,,
B0038AAB0AIDU01,01:19:24,01:19:24,4122BC0193U2,28588,29,,0,,
B0038AAB0AIDU01,01:20:55,01:20:55,4122BC0004U2,29134,30,,0,,
B0038AAB0AIDU01,01:22:46,01:22:46,4122BC0003U2,29798,31,,0,,
B0038AAB0AIDU01,01:24:29,01:24:29,4122BC0001U2,30416,32,,0,,
B0038AAB0AIDU01,01:26:52,01:26:52,4115BC0005U2,31273,33,,0,,
B0038AAB0AIDU01,01:28:14,01:28:14,4115BC0004U2,31764,34,,0,,
B0038AAB0AIDU01,01:29:29,01:29:29,4119BC0003U2,32216,35,,0,,
B0038AAB0AIDU01,01:31:32,01:31:32,4119BC0002U2,32952,36,,0,,
B0038AAB0AIDU01,01:33:07,01:33:07,4119BC0051U1,33525,37,,0,,
B0038AAB0AIDU01,01:35:48,01:35:48,4115BC0242U1,34488,38,,0,,
B0038AAB0AIDU01,01:38:49,01:38:49,4128BC0004U2,35576,39,,0,,
B0038AAB0AIDU01,01:40:41,01:40:41,4115BC0002U2,36249,40,,0,,
B0038AAB0AIDU01,01:43:50,01:43:50,4115BC0001U2,37382,41,,0,,
B0038AAB0AIDU01,01:47:41,01:47:41,4128BC0003U2,38766,42,,0,,
B0038AAB0AIDU01,01:49:14,01:49:14,4128BC0002U2,39328,43,,0,,
B0038AAB0AIDU01,01:50:57,01:50:57,4128BC0001U2,39946,44,,0,,
B0038AAB0AIDU01,01:53:45,01:53:45,4128BO0226P2,40950,45,,0,,
B0038AAB0AVDU01,00:00:00,00:00:00,4128BO0010P2,0,1,,0,,
B0038AAB0AVDU01,00:03:51,00:03:51,4128BC0001U1,1390,2,,0,,
B0038AAB0AVDU01,00:05:34,00:05:34,4128BC0002U1,2009,3,,0,,
B0038AAB0AVDU01,00:07:08,00:07:08,4128BC0003U1,2570,4,,0,,
B0038AAB0AVDU01,00:10:59,00:10:59,4115BC0001U1,3956,5,,0,,
B0038AAB0AVDU01,00:14:07,00:14:07,4115BC0002U1,5086,6,,0,,
B0038AAB0AVDU01,00:16:01,00:16:01,4128BC0004U1,5766,7,,0,,
B0038AAB0AVDU01,00:19:06,00:19:06,4115BC0243U2,6881,8,,0,,
B0038AAB0AVDU01,00:21:45,00:21:45,4119BC0052U2,7833,9,,0,,
B0038AAB0AVDU01,00:23:14,00:23:14,4115BC0002U0,8368,10,,0,,
B0038AAB0AVDU01,00:25:18,00:25:18,4119BC0003U1,9109,11,,0,,
B0038AAB0AVDU01,00:26:33,00:26:33,4115BC0004U1,9559,12,,0,,
B0038AAB0AVDU01,00:27:55,00:27:55,4115BC0005U1,10053,13,,0,,
B0038AAB0AVDU01,00:30:18,00:30:18,4122BC0001U1,10910,14,,0,,
B0038AAB0AVDU01,00:32:01,00:32:01,4122BC0003U1,11530,15,,0,,
B0038AAB0AVDU01,00:33:52,00:33:52,4122BC0004U1,12193,16,,0,,
B0038AAB0AVDU01,00:35:23,00:35:23,4122BC0196U1,12740,17,,0,,
B0038AAB0AVDU01,00:37:45,00:37:45,4122BC0297U2,13593,18,,0,,
B0038AAB0AVDU01,00:40:02,00:40:02,4123BC0001U1,14417,19,,0,,
B0038AAB0AVDU01,00:43:47,00:43:47,4124BC0001U1,15763,20,,0,,
B0038AAB0AVDU01,00:46:12,00:46:12,4124BC0002U1,16635,21,,0,,
B0038AAB0AVDU01,00:48:08,00:48:08,4124BC0003U1,17333,22,,0,,
B0038AAB0AVDU01,00:49:44,00:49:44,3078BC0001U1,17905,23,,0,,
B0038AAB0AVDU01,00:52:01,00:52:01,3083BC0001U1,18727,24,,0,,
B0038AAB0AVDU01,00:54:39,00:54:39,3083BC0003U1,19676,25,,0,,
B0038AAB0AVDU01,00:57:07,00:57:07,3083BC0004U1,20566,26,,0,,
B0038AAB0AVDU01,00:58:32,00:58:32,3083BC0005U1,21075,27,,0,,
B0038AAB0AVDU01,01:00:21,01:00:21,3083BC0006U1,21728,28,,0,,
B0038AAB0AVDU01,01:02:04,01:02:04,3084BC0001U1,22349,29,,0,,
B0038AAB0AVDU01,01:04:38,01:04:38,3073BC0001U1,23269,30,,0,,
B0038AAB0AVDU01,01:07:07,01:07:07,3073BC0002U1,24162,31,,0,,
B0038AAB0AVDU01,01:08:39,01:08:39,3072BC0001U1,24716,32,,0,,
B0038AAB0AVDU01,01:12:23,01:12:23,3044BC0001U1,26059,33,,0,,
B0038AAB0AVDU01,01:13:43,01:13:43,3044BC0002U1,26543,34,,0,,
B0038AAB0AVDU01,01:15:15,01:15:15,3044BC0003U1,27092,35,,0,,
B0038AAB0AVDU01,01:17:13,01:17:13,3043BC0001U1,27800,36,,0,,
B0038AAB0AVDU01,01:19:28,01:19:28,3043BC0002U1,28610,37,,0,,
B0038AAB0AVDU01,01:20:44,01:20:44,3043BC0112U2,29066,38,,0,,
B0038AAB0AVDU01,01:23:35,01:23:35,3042BC0001U1,30095,39,,0,,
B0038AAB0AVDU01,01:27:07,01:27:07,3041BC0001U1,31367,40,,0,,
B0038AAB0AVDU01,01:28:48,01:28:48,3041BC0002U1,31972,41,,0,,
B0038AAB0AVDU01,01:33:08,01:33:08,3157BC0001U1,33533,42,,0,,
B0038AAB0AVDU01,01:37:22,01:37:22,3105BC0001P2,35054,43,,0,,
B0038AAB0AVDU01,01:50:20,01:50:20,3104BC0001U2,39722,44,,0,,
B0040AAF0AIDU01,00:00:00,00:00:00,3083BC0002P2,0,1,,0,,
B0040AAF0AIDU01,00:02:57,00:02:57,3083BC0001U2,1064,2,,0,,
B0040AAF0AIDU01,00:08:31,00:08:31,4124BC0002X2,3070,3,,0,,
B0040AAF0AIDU01,00:14:42,00:14:42,4123BC0001X2,5296,4,,0,,
B0040AAF0AIDU01,00:19:21,00:19:21,4122BC0192X2,6967,5,,0,,
B0040AAF0AIDU01,00:23:24,00:23:24,4122BC0002X2,8428,6,,0,,
B0040AAF0AIDU01,00:33:18,00:33:18,4119BC0051U1,11993,7,,0,,
B0040AAF0AIDU01,00:39:15,00:39:15,4128BC0004X2,14134,8,,0,,
B0040AAF0AIDU01,00:47:52,00:47:52,4128BC0003U2,17235,9,,0,,
B0040AAF0AIDU01,00:53:56,00:53:56,4128BO0226P2,19419,10,,0,,
B0040AAF0AVDU01,00:00:00,00:00:00,4128BO0010P2,0,1,,0,,
B0040AAF0AVDU01,00:07:08,00:07:08,4128BC0003U1,2572,2,,0,,
B0040AAF0AVDU01,00:15:45,00:15:45,4128BC0004X1,5674,3,,0,,
B0040AAF0AVDU01,00:21:46,00:21:46,4119BC0052U2,7836,4,,0,,
B0040AAF0AVDU01,00:31:34,00:31:34,4122BC0002X0,11365,5,,0,,
B0040AAF0AVDU01,00:35:38,00:35:38,4122BC0198X1,12830,6,,0,,
B0040AAF0AVDU01,00:40:16,00:40:16,4123BC0001X1,14500,7,,0,,
B0040AAF0AVDU01,00:46:27,00:46:27,4124BC0002X1,16724,8,,0,,
B0040AAF0AVDU01,00:52:01,00:52:01,3083BC0001U1,18730,9,,0,,
B0040AAF0AVDU01,00:54:29,00:54:29,3083BC0002P1,19615,10,,0,,
B0041AAF0AIDU01,00:00:00,00:00:00,3083BC0002P2,0,1,,0,,
B0041AAF0AIDU01,00:02:57,00:02:57,3083BC0001U2,1064,2,,0,,
B0041AAF0AIDU01,00:08:31,00:08:31,4124BC0002X2,3070,3,,0,,
B0041AAF0AIDU01,00:14:42,00:14:42,4123BC0001X2,5296,4,,0,,
B0041AAF0AIDU01,00:19:21,00:19:21,4122BC0192X2,6967,5,,0,,
B0041AAF0AIDU01,00:23:24,00:23:24,4122BC0002X2,8428,6,,0,,
B0041AAF0AIDU01,00:33:18,00:33:18,4119BC0051U1,11993,7,,0,,
B0041AAF0AIDU01,00:35:08,00:35:08,4115BL0003U2,12650,8,,0,,
B0041AAF0AIDU01,00:38:03,00:38:03,4115BL0001X2,13700,9,,0,,
B0041AAF0AIDU01,00:40:44,00:40:44,4128BL0003U2,14665,10,,0,,
B0041AAF0AIDU01,00:42:34,00:42:34,4128BL0002U2,15328,11,,0,,
B0041AAF0AIDU01,00:54:36,00:54:36,4132BL0001P2,19660,12,,0,,
B0041AAF0AVDU01,00:00:00,00:00:00,4132BL0001P1,0,1,,0,,
B0041AAF0AVDU01,00:12:06,00:12:06,4128BL0002U1,4356,2,,0,,
B0041AAF0AVDU01,00:13:56,00:13:56,4128BL0003U1,5016,3,,0,,
B0041AAF0AVDU01,00:16:36,00:16:36,4115BL0001X1,5980,4,,0,,
B0041AAF0AVDU01,00:19:32,00:19:32,4115BL0003U1,7032,5,,0,,
B0041AAF0AVDU01,00:21:28,00:21:28,4119BC0052U2,7729,6,,0,,
B0041AAF0AVDU01,00:31:16,00:31:16,4122BC0002X0,11259,7,,0,,
B0041AAF0AVDU01,00:35:20,00:35:20,4122BC0198X1,12724,8,,0,,
B0041AAF0AVDU01,00:39:59,00:39:59,4123BC0001X1,14394,9,,0,,
B0041AAF0AVDU01,00:46:09,00:46:09,4124BC0002X1,16618,10,,0,,
B0041AAF0AVDU01,00:51:44,00:51:44,3083BC0001U1,18624,11,,0,,
B0041AAF0AVDU01,00:54:11,00:54:11,3083BC0002P1,19509,12,,0,,
B0042AABAAIDU01,00:00:00,00:00:00,3104BC0001U2,0,1,,0,,
B0042AABAAIDU01,00:04:11,00:04:11,3104BC0002U2,1507,2,,0,,
B0042AABAAIDU01,00:17:52,00:17:52,3105BC0001P2,6436,3,,0,,
B0042AABAAIDU01,00:21:28,00:21:28,3157BC0001U2,7729,4,,0,,
B0042AABAAIDU01,00:25:45,00:25:45,3041BC0002U2,9272,5,,0,,
B0042AABAAIDU01,00:27:28,00:27:28,3041BC0001U2,9892,6,,0,,
B0042AABAAIDU01,00:30:59,00:30:59,3042BC0001U2,11154,7,,0,,
B0042AABAAIDU01,00:33:49,00:33:49,3043BC0004U2,12178,8,,0,,
B0042AABAAIDU01,00:35:07,00:35:07,3043BC0003U2,12647,9,,0,,
B0042AABAAIDU01,00:37:30,00:37:30,3043BC0001U2,13502,10,,0,,
B0042AABAAIDU01,00:39:28,00:39:28,3044BC0003U2,14212,11,,0,,
B0042AABAAIDU01,00:41:01,00:41:01,3044BC0002U2,14768,12,,0,,
B0042AABAAIDU01,00:42:22,00:42:22,3044BC0001U2,15256,13,,0,,
B0042AABAAIDU01,00:46:06,00:46:06,3072BC0001U2,16600,14,,0,,
B0042AABAAIDU01,00:47:38,00:47:38,3073BC0002U2,17149,15,,0,,
B0042AABAAIDU01,00:50:07,00:50:07,3073BC0001U2,18043,16,,0,,
B0042AABAAIDU01,00:52:39,00:52:39,3084BC0001U2,18957,17,,0,,
B0042AABAAIDU01,00:54:24,00:54:24,3083BC0006U2,19588,18,,0,,
B0042AABAAIDU01,00:56:14,00:56:14,3083BC0005U2,20244,19,,0,,
B0042AABAAIDU01,00:57:38,00:57:38,3083BC0004U2,20752,20,,0,,
B0042AABAAIDU01,01:00:08,01:00:08,3083BC0002P2,21649,21,,0,,
B0042AABAAVDU01,00:00:00,00:00:00,3083BC0003U1,0,1,,0,,
B0042AABAAVDU01,00:02:28,00:02:28,3083BC0004U1,889,2,,0,,
B0042AABAAVDU01,00:03:52,00:03:52,3083BC0005U1,1397,3,,0,,
B0042AABAAVDU01,00:05:41,00:05:41,3083BC0006U1,2050,4,,0,,
B0042AABAAVDU01,00:07:25,00:07:25,3084BC0001U1,2672,5,,0,,
B0042AABAAVDU01,00:09:58,00:09:58,3073BC0001U1,3592,6,,0,,
B0042AABAAVDU01,00:12:27,00:12:27,3073BC0002U1,4485,7,,0,,
B0042AABAAVDU01,00:13:59,00:13:59,3072BC0001U1,5039,8,,0,,
B0042AABAAVDU01,00:17:43,00:17:43,3044BC0001U1,6382,9,,0,,
B0042AABAAVDU01,00:19:04,00:19:04,3044BC0002U1,6866,10,,0,,
B0042AABAAVDU01,00:20:35,00:20:35,3044BC0003U1,7415,11,,0,,
B0042AABAAVDU01,00:22:33,00:22:33,3043BC0001U1,8123,12,,0,,
B0042AABAAVDU01,00:24:48,00:24:48,3043BC0002U1,8933,13,,0,,
B0042AABAAVDU01,00:26:05,00:26:05,3043BC0112U2,9390,14,,0,,
B0042AABAAVDU01,00:28:56,00:28:56,3042BC0001U1,10419,15,,0,,
B0042AABAAVDU01,00:32:28,00:32:28,3041BC0001U1,11690,16,,0,,
B0042AABAAVDU01,00:34:09,00:34:09,3041BC0002U1,12297,17,,0,,
B0042AABAAVDU01,00:38:29,00:38:29,3157BC0001U1,13858,18,,0,,
B0042AABAAVDU01,00:42:43,00:42:43,3105BC0001P2,15379,19,,0,,
B0042AABAAVDU01,00:55:41,00:55:41,3104BC0001U2,20048,20,,0,,
B0046AAF0AIDU01,00:00:00,00:00:00,3043BC0003X2,0,1,,0,,
B0046AAF0AIDU01,00:12:28,00:12:28,3073BC0002X2,4490,2,,0,,
B0046AAF0AIDU01,00:22:15,00:22:15,3083BC0004U2,8015,3,,0,,
B0046AAF0AIDU01,00:24:29,00:24:29,3083BC0003X2,8815,4,,0,,
B0046AAF0AIDU01,00:27:24,00:27:24,3083BC0001U2,9864,5,,0,,
B0046AAF0AIDU01,00:32:58,00:32:58,4124BC0002X2,11870,6,,0,,
B0046AAF0AIDU01,00:39:09,00:39:09,4123BC0001X2,14096,7,,0,,
B0046AAF0AIDU01,00:43:47,00:43:47,4122BC0192X2,15767,8,,0,,
B0046AAF0AIDU01,00:47:51,00:47:51,4122BC0002X2,17228,9,,0,,
B0046AAF0AIDU01,01:03:42,01:03:42,4128BC0004X2,22934,10,,0,,
B0046AAF0AIDU01,01:18:23,01:18:23,4128BO0226P2,28219,11,,0,,
B0046AAF0AVDU01,00:00:00,00:00:00,4128BO0010P2,0,1,,0,,
B0046AAF0AVDU01,00:15:45,00:15:45,4128BC0004X1,5674,2,,0,,
B0046AAF0AVDU01,00:31:34,00:31:34,4122BC0002X0,11365,3,,0,,
B0046AAF0AVDU01,00:35:38,00:35:38,4122BC0198X1,12830,4,,0,,
B0046AAF0AVDU01,00:40:16,00:40:16,4123BC0001X1,14501,5,,0,,
B0046AAF0AVDU01,00:46:27,00:46:27,4124BC0002X1,16725,6,,0,,
B0046AAF0AVDU01,00:52:01,00:52:01,3083BC0001U1,18731,7,,0,,
B0046AAF0AVDU01,00:54:53,00:54:53,3083BC0003X1,19760,8,,0,,
B0046AAF0AVDU01,00:57:08,00:57:08,3083BC0004U1,20570,9,,0,,
B0046AAF0AVDU01,01:06:55,01:06:55,3073BC0002X1,24090,10,,0,,
B0046AAF0AVDU01,01:19:43,01:19:43,3043BC0002X1,28703,11,,0,,
B0050AAB0AIDU01,00:00:00,00:00:00,4115BL0001U2,0,1,,0,,
B0050AAB0AIDU01,00:01:51,00:01:51,4115BC0006P2,667,2,,0,,
B0050AAB0AIDU01,00:04:15,00:04:15,4128BC0005U1,1531,3,,0,,
B0050AAB0AIDU01,00:07:11,00:07:11,4128BC0004U2,2586,4,,0,,
B0050AAB0AIDU01,00:09:03,00:09:03,4115BC0002U2,3259,5,,0,,
B0050AAB0AIDU01,00:12:12,00:12:12,4115BC0001U2,4392,6,,0,,
B0050AAB0AIDU01,00:16:02,00:16:02,4128BC0003U2,5776,7,,0,,
B0050AAB0AIDU01,00:17:36,00:17:36,4128BC0002U2,6338,8,,0,,
B0050AAB0AIDU01,00:19:19,00:19:19,4128BC0001U2,6956,9,,0,,
B0050AAB0AIDU01,00:22:06,00:22:06,4128BO0226P2,7961,10,,0,,
B0050AAB0AIDU01,00:23:38,00:23:38,4128BO0010P1,8510,11,,0,,
B0050AAB0AIDU01,00:26:25,00:26:25,4128BO0011U1,9513,12,,0,,
B0050AAB0AIDU01,00:28:56,00:28:56,4128BO0013U1,10418,13,,0,,
B0050AAB0AIDU01,00:30:37,00:30:37,4128BO0014U1,11023,14,,0,,
B0050AAB0AIDU01,00:31:54,00:31:54,4128BO0015U1,11486,15,,0,,
B0050AAB0AIDU01,00:33:53,00:33:53,4128BO0016U1,12200,16,,0,,
B0050AAB0AIDU01,00:35:38,00:35:38,4128BO0017U1,12829,17,,0,,
B0050AAB0AIDU01,00:37:13,00:37:13,4128BO0018U1,13403,18,,0,,
B0050AAB0AIDU01,00:40:42,00:40:42,4128BO0019P1,14654,19,,0,,
B0050AAB0AVDU01,00:00:00,00:00:00,4128BO0019P2,0,1,,0,,
B0050AAB0AVDU01,00:03:25,00:03:25,4128BO0018U2,1234,2,,0,,
B0050AAB0AVDU01,00:05:01,00:05:01,4128BO0017U2,1810,3,,0,,
B0050AAB0AVDU01,00:06:47,00:06:47,4128BO0016U2,2444,4,,0,,
B0050AAB0AVDU01,00:08:45,00:08:45,4128BO0015U2,3150,5,,0,,
B0050AAB0AVDU01,00:10:02,00:10:02,4128BO0014U2,3615,6,,0,,
B0050AAB0AVDU01,00:11:44,00:11:44,4128BO0176U2,4224,7,,0,,
B0050AAB0AVDU01,00:13:49,00:13:49,4128BO0012X2,4977,8,,0,,
B0050AAB0AVDU01,00:17:05,00:17:05,4128BO0226P2,6153,9,,0,,
B0050AAB0AVDU01,00:17:37,00:17:37,4128BO0010P2,6342,10,,0,,
B0050AAB0AVDU01,00:21:29,00:21:29,4128BC0001U1,7735,11,,0,,
B0050AAB0AVDU01,00:23:12,00:23:12,4128BC0002U1,8354,12,,0,,
B0050AAB0AVDU01,00:24:45,00:24:45,4128BC0003U1,8914,13,,0,,
B0050AAB0AVDU01,00:28:36,00:28:36,4115BC0001U1,10300,14,,0,,
B0050AAB0AVDU01,00:31:45,00:31:45,4115BC0002U1,11431,15,,0,,
B0050AAB0AVDU01,00:33:38,00:33:38,4128BC0004U1,12111,16,,0,,
B0050AAB0AVDU01,00:36:33,00:36:33,4128BC0005U2,13163,17,,0,,
B0050AAB0AVDU01,00:39:14,00:39:14,4115BC0006P2,14124,18,,0,,
B0050AAB0AVDU01,00:40:17,00:40:17,4115BL0001U1,14506,19,,0,,
B0051AAB0AIDU01,00:00:00,00:00:00,5135BL0003U2,0,1,,0,,
B0051AAB0AIDU01,00:04:00,00:04:00,5138BL0001U2,1442,2,,0,,
B0051AAB0AIDU01,00:07:35,00:07:35,5135BL0002U2,2730,3,,0,,
B0051AAB0AIDU01,00:11:47,00:11:47,5137BL0001U2,4245,4,,0,,
B0051AAB0AIDU01,00:21:11,00:21:11,4122BL0001U1,7629,5,,0,,
B0051AAB0AIDU01,00:25:18,00:25:18,4115BL0006U2,9112,6,,0,,
B0051AAB0AIDU01,00:29:25,00:29:25,4115BL0005U2,10595,7,,0,,
B0051AAB0AIDU01,00:31:48,00:31:48,4115BL0004U2,11450,8,,0,,
B0051AAB0AIDU01,00:33:38,00:33:38,4119BL0001U2,12108,9,,0,,
B0051AAB0AIDU01,00:37:22,00:37:22,4115BL0003U2,13452,10,,0,,
B0051AAB0AIDU01,00:38:48,00:38:48,4115BL0002U2,13968,11,,0,,
B0051AAB0AIDU01,00:40:43,00:40:43,4115BL0001U2,14659,12,,0,,
B0051AAB0AIDU01,00:42:57,00:42:57,4128BL0003U2,15467,13,,0,,
B0051AAB0AIDU01,00:44:48,00:44:48,4128BL0002U2,16130,14,,0,,
B0051AAB0AIDU01,00:48:01,00:48:01,4128BL0001U2,17288,15,,0,,
B0051AAB0AIDU01,00:52:49,00:52:49,4132BL0003U2,19018,16,,0,,
B0051AAB0AIDU01,00:54:26,00:54:26,4132BL0002U2,19601,17,,0,,
B0051AAB0AIDU01,00:56:50,00:56:50,4132BL0001P2,20462,18,,0,,
B0051AAB0AVDU01,00:00:00,00:00:00,4132BL0001P1,0,1,,0,,
B0051AAB0AVDU01,00:02:26,00:02:26,4132BL0002U1,878,2,,0,,
B0051AAB0AVDU01,00:04:03,00:04:03,4132BL0003U1,1463,3,,0,,
B0051AAB0AVDU01,00:08:51,00:08:51,4128BL0001U1,3190,4,,0,,
B0051AAB0AVDU01,00:12:05,00:12:05,4128BL0002U1,4354,5,,0,,
B0051AAB0AVDU01,00:13:55,00:13:55,4128BL0003U1,5015,6,,0,,
B0051AAB0AVDU01,00:16:11,00:16:11,4115BL0001U1,5827,7,,0,,
B0051AAB0AVDU01,00:18:05,00:18:05,4115BL0002U1,6511,8,,0,,
B0051AAB0AVDU01,00:19:31,00:19:31,4115BL0003U1,7031,9,,0,,
B0051AAB0AVDU01,00:23:17,00:23:17,4119BL0001U1,8387,10,,0,,
B0051AAB0AVDU01,00:25:09,00:25:09,4115BL0004U1,9059,11,,0,,
B0051AAB0AVDU01,00:27:31,00:27:31,4115BL0005U1,9906,12,,0,,
B0051AAB0AVDU01,00:31:38,00:31:38,4115BL0006U1,11392,13,,0,,
B0051AAB0AVDU01,00:35:45,00:35:45,4122BL0001U2,12875,14,,0,,
B0051AAB0AVDU01,00:45:11,00:45:11,5137BL0001U1,16266,15,,0,,
B0051AAB0AVDU01,00:49:21,00:49:21,5135BL0002U1,17768,16,,0,,
B0051AAB0AVDU01,00:52:55,00:52:55,5138BL0001U1,19050,17,,0,,
B0051AAB0AVDU01,00:56:55,00:56:55,5135BL0003U1,20493,18,,0,,
B0051AABAAIDU01,00:00:00,00:00:00,5135BL0003U2,0,1,,0,,
B0051AABAAIDU01,00:04:00,00:04:00,5138BL0001U2,1442,2,,0,,
B0051AABAAIDU01,00:07:35,00:07:35,5135BL0002U2,2730,3,,0,,
B0051AABAAIDU01,00:11:47,00:11:47,5137BL0001U2,4245,4,,0,,
B0051AABAAIDU01,00:21:11,00:21:11,4122BL0001U1,7628,5,,0,,
B0051AABAAIDU01,00:25:18,00:25:18,4115BL0006U2,9112,6,,0,,
B0051AABAAIDU01,00:29:25,00:29:25,4115BL0005U2,10594,7,,0,,
B0051AABAAIDU01,00:31:48,00:31:48,4115BL0004U2,11450,8,,0,,
B0051AABAAIDU01,00:33:37,00:33:37,4119BL0001U2,12107,9,,0,,
B0051AABAAIDU01,00:37:21,00:37:21,4115BL0003U2,13451,10,,0,,
B0051AABAAIDU01,00:38:47,00:38:47,4115BL0002U2,13967,11,,0,,
B0051AABAAIDU01,00:40:43,00:40:43,4115BL0001U2,14658,12,,0,,
B0051AABAAIDU01,00:42:34,00:42:34,4115BC0006P2,15326,13,,0,,
B0051AABAAIDU01,00:44:55,00:44:55,4128BC0005U2,16172,14,,0,,
B0051AABAAIDU01,00:47:51,00:47:51,4128BC0004U2,17229,15,,0,,
B0051AABAAIDU01,00:49:43,00:49:43,4115BC0002U2,17902,16,,0,,
B0051AABAAIDU01,00:52:52,00:52:52,4115BC0001U2,19035,17,,0,,
B0051AABAAIDU01,00:56:43,00:56:43,4128BC0003U2,20420,18,,0,,
B0051AABAAIDU01,00:58:16,00:58:16,4128BC0002U2,20981,19,,0,,
B0051AABAAIDU01,00:59:59,00:59:59,4128BC0001U2,21599,20,,0,,
B0051AABAAIDU01,01:02:52,01:02:52,4128BO0226P2,22632,21,,0,,
B0051AABAAVDU01,00:00:00,00:00:00,4128BO0010P2,0,1,,0,,
B0051AABAAVDU01,00:03:10,00:03:10,4128BC0001U1,1142,2,,0,,
B0051AABAAVDU01,00:04:53,00:04:53,4128BC0002U1,1761,3,,0,,
B0051AABAAVDU01,00:06:26,00:06:26,4128BC0003U1,2321,4,,0,,
B0051AABAAVDU01,00:10:17,00:10:17,4115BC0001U1,3707,5,,0,,
B0051AABAAVDU01,00:13:26,00:13:26,4115BC0002U1,4837,6,,0,,
B0051AABAAVDU01,00:15:19,00:15:19,4128BC0004U1,5517,7,,0,,
B0051AABAAVDU01,00:18:14,00:18:14,4128BC0005U1,6568,8,,0,,
B0051AABAAVDU01,00:20:55,00:20:55,4115BC0006P2,7531,9,,0,,
B0051AABAAVDU01,00:21:58,00:21:58,4115BL0001U1,7913,10,,0,,
B0051AABAAVDU01,00:23:53,00:23:53,4115BL0002U1,8598,11,,0,,
B0051AABAAVDU01,00:25:19,00:25:19,4115BL0003U1,9117,12,,0,,
B0051AABAAVDU01,00:29:04,00:29:04,4119BL0001U1,10469,13,,0,,
B0051AABAAVDU01,00:30:57,00:30:57,4115BL0004U1,11144,14,,0,,
B0051AABAAVDU01,00:33:18,00:33:18,4115BL0005U1,11991,15,,0,,
B0051AABAAVDU01,00:37:26,00:37:26,4115BL0006U1,13477,16,,0,,
B0051AABAAVDU01,00:41:33,00:41:33,4122BL0001U2,14959,17,,0,,
B0051AABAAVDU01,00:50:58,00:50:58,5137BL0001U1,18351,18,,0,,
B0051AABAAVDU01,00:55:08,00:55:08,5135BL0002U1,19853,19,,0,,
B0051AABAAVDU01,00:58:42,00:58:42,5138BL0001U1,21137,20,,0,,
B0051AABAAVDU01,01:02:43,01:02:43,5135BL0003U1,22580,21,,0,,
B0053AABBAIDU01,00:00:00,00:00:00,5135BL0046P1,0,1,,0,,
B0053AABBAIDU01,00:01:57,00:01:57,5137BL0001X2,706,2,,0,,
B0053AABBAIDU01,00:11:36,00:11:36,4122BL0001U1,4181,3,,0,,
B0053AABBAIDU01,00:15:44,00:15:44,4115BL0006U2,5664,4,,0,,
B0053AABBAIDU01,00:19:51,00:19:51,4115BL0005U2,7147,5,,0,,
B0053AABBAIDU01,00:22:13,00:22:13,4115BL0004U2,8002,6,,0,,
B0053AABBAIDU01,00:24:03,00:24:03,4119BL0001U2,8660,7,,0,,
B0053AABBAIDU01,00:27:47,00:27:47,4115BL0003U2,10004,8,,0,,
B0053AABBAIDU01,00:29:13,00:29:13,4115BL0002U2,10520,9,,0,,
B0053AABBAIDU01,00:30:42,00:30:42,4115BL0001X2,11053,10,,0,,
B0053AABBAIDU01,00:34:15,00:34:15,4128BC0005U1,12330,11,,0,,
B0053AABBAIDU01,00:37:10,00:37:10,4128BC0004U2,13384,12,,0,,
B0053AABBAIDU01,00:39:02,00:39:02,4115BC0002U2,14057,13,,0,,
B0053AABBAIDU01,00:42:11,00:42:11,4115BC0001U2,15190,14,,0,,
B0053AABBAIDU01,00:46:02,00:46:02,4128BC0003U2,16574,15,,0,,
B0053AABBAIDU01,00:47:36,00:47:36,4128BC0002U2,17136,16,,0,,
B0053AABBAIDU01,00:49:19,00:49:19,4128BC0001U2,17754,17,,0,,
B0053AABBAIDU01,00:53:49,00:53:49,4128BO0226P2,19374,18,,0,,
B0053AABBAIDU01,00:55:19,00:55:19,4128BO0010P2,19916,19,,0,,
B0053AABBAIDU01,00:56:28,00:56:28,4128BO0011U1,20328,20,,0,,
B0053AABBAIDU01,00:58:58,00:58:58,4128BO0013U1,21233,21,,0,,
B0053AABBAIDU01,01:00:39,01:00:39,4128BO0014U1,21837,22,,0,,
B0053AABBAIDU01,01:01:56,01:01:56,4128BO0015U1,22298,23,,0,,
B0053AABBAIDU01,01:03:55,01:03:55,4128BO0016U1,23011,24,,0,,
B0053AABBAIDU01,01:05:39,01:05:39,4128BO0017U1,23638,25,,0,,
B0053AABBAIDU01,01:07:15,01:07:15,4128BO0018U1,24213,26,,0,,
B0053AABBAIDU01,01:10:43,01:10:43,4128BO0019P1,25460,27,,0,,
B0053AABBAVDU01,00:00:00,00:00:00,4128BO0019P2,0,1,,0,,
B0053AABBAVDU01,00:03:08,00:03:08,4128BO0018U2,1131,2,,0,,
B0053AABBAVDU01,00:04:44,00:04:44,4128BO0017U2,1707,3,,0,,
B0053AABBAVDU01,00:06:30,00:06:30,4128BO0016U2,2340,4,,0,,
B0053AABBAVDU01,00:08:27,00:08:27,4128BO0015U2,3046,5,,0,,
B0053AABBAVDU01,00:09:44,00:09:44,4128BO0014U2,3509,6,,0,,
B0053AABBAVDU01,00:11:26,00:11:26,4128BO0176U2,4118,7,,0,,
B0053AABBAVDU01,00:13:57,00:13:57,4128BO0011U2,5025,8,,0,,
B0053AABBAVDU01,00:16:51,00:16:51,4128BO0226P2,6066,9,,0,,
B0053AABBAVDU01,00:17:22,00:17:22,4128BO0010P2,6255,10,,0,,
B0053AABBAVDU01,00:21:19,00:21:19,4128BC0001U1,7679,11,,0,,
B0053AABBAVDU01,00:23:03,00:23:03,4128BC0002U1,8298,12,,0,,
B0053AABBAVDU01,00:24:36,00:24:36,4128BC0003U1,8858,13,,0,,
B0053AABBAVDU01,00:28:27,00:28:27,4115BC0001U1,10243,14,,0,,
B0053AABBAVDU01,00:31:35,00:31:35,4115BC0002U1,11373,15,,0,,
B0053AABBAVDU01,00:33:28,00:33:28,4128BC0004U1,12053,16,,0,,
B0053AABBAVDU01,00:36:24,00:36:24,4128BC0005U2,13106,17,,0,,
B0053AABBAVDU01,00:39:58,00:39:58,4115BL0001X1,14392,18,,0,,
B0053AABBAVDU01,00:41:27,00:41:27,4115BL0002U1,14925,19,,0,,
B0053AABBAVDU01,00:42:54,00:42:54,4115BL0003U1,15444,20,,0,,
B0053AABBAVDU01,00:46:40,00:46:40,4119BL0001U1,16801,21,,0,,
B0053AABBAVDU01,00:48:32,00:48:32,4115BL0004U1,17472,22,,0,,
B0053AABBAVDU01,00:50:53,00:50:53,4115BL0005U1,18319,23,,0,,
B0053AABBAVDU01,00:55:01,00:55:01,4115BL0006U1,19806,24,,0,,
B0053AABBAVDU01,00:59:08,00:59:08,4122BL0001U2,21288,25,,0,,
B0053AABBAVDU01,01:08:47,01:08:47,5137BL0001X1,24763,26,,0,,
B0053AABBAVDU01,01:10:20,01:10:20,5135BL0046P1,25321,27,,0,,
B0053AAFAAIDU01,00:00:00,00:00:00,5135BL0046P1,0,1,,0,,
B0053AAFAAIDU01,00:02:13,00:02:13,5137BL0001U2,799,2,,0,,
B0053AAFAAIDU01,00:31:08,00:31:08,4115BL0001U2,11210,3,,0,,
B0053AAFAAIDU01,00:37:10,00:37:10,4128BC0004U2,13383,4,,0,,
B0053AAFAAIDU01,00:46:02,00:46:02,4128BC0003U2,16574,5,,0,,
B0053AAFAAIDU01,00:52:07,00:52:07,4128BO0226P2,18762,6,,0,,
B0053AAFAAVDU01,00:00:00,00:00:00,4128BO0010P2,0,1,,0,,
B0053AAFAAVDU01,00:05:57,00:05:57,4128BC0003U1,2144,2,,0,,
B0053AAFAAVDU01,00:14:50,00:14:50,4128BC0004U1,5340,3,,0,,
B0053AAFAAVDU01,00:20:54,00:20:54,4115BL0001U1,7528,4,,0,,
B0053AAFAAVDU01,00:49:54,00:49:54,5137BL0001U1,17965,5,,0,,
B0053AAFAAVDU01,00:51:41,00:51:41,5135BL0046P1,18606,6,,0,,
